1980.0	0.01501404928522331	-0.5197277014860209	0.01501404928522331	-0.5197277014860209
1980.0384615384614	-0.5531925237087046	-0.3011987826152441	-0.5531925237087046	-0.5197277014860209
1980.076923076923	-0.3727094515274155	-0.08817355134690555	-0.3727094515274155	-0.3011987826152441
1980.1153846153845	-0.4632977586200353	-0.41644392008500586	-0.4632977586200353	-0.41644392008500586
1980.1538461538462	-0.5156780315559187	-0.6120239445309158	-0.5156780315559187	-0.6120239445309158
1980.1923076923076	-1.3110871114922587	-0.5734100476525955	-1.3110871114922587	-0.6120239445309158
1980.2307692307693	-0.7238808549842347	0.15951181907622794	-0.7238808549842347	-0.6120239445309158
1980.2692307692307	-1.1647655905783147	0.777565819737168	-1.1647655905783147	-0.6120239445309158
1980.3076923076924	-1.1962493300823875	0.8294196205921336	-1.1962493300823875	-0.6120239445309158
1980.3461538461538	-0.2779702238376251	0.49875986795919275	-0.2779702238376251	-0.5734100476525955
1980.3846153846155	0.4379795040963898	0.2754082473353893	0.4379795040963898	0.15951181907622794
1980.423076923077	1.1201754788842608	0.2265039800271425	1.1201754788842608	0.777565819737168
1980.4615384615386	1.2849306157747682	0.18165162315740774	1.2849306157747682	0.8294196205921336
1980.5	1.745812861684716	0.13898843302948402	1.745812861684716	0.8294196205921336
1980.5384615384614	1.552486805667954	0.09632524290126024	1.552486805667954	0.8294196205921336
1980.576923076923	1.2388987416114077	0.053662052773306525	1.2388987416114077	0.8294196205921336
1980.6153846153845	0.7738633963669026	0.010998862645112746	0.7738633963669026	0.8294196205921336
1980.6538461538462	0.5737056695247208	-0.03166432748284096	0.5737056695247208	0.8294196205921336
1980.6923076923076	1.4928216318829544	-0.07432751761103475	1.4928216318829544	0.8294196205921336
1980.7307692307693	0.5527905051123643	-0.11699070773898738	0.5527905051123643	0.49875986795919275
1980.7692307692307	-0.21592772887648967	-0.15965389786718223	-0.21592772887648967	0.2754082473353893
1980.8076923076924	0.1329309764281555	-0.20231708799513487	0.1329309764281555	0.053662052773306525
1980.8461538461538	-0.5332895496154306	-0.24498027812332973	-0.5332895496154306	-0.4156330386353825
1980.8846153846155	-0.9508891306486998	-0.28764346825128234	-0.9508891306486998	-1.1120845305826055
1980.923076923077	-1.5937396162954944	-0.33030665837950723	-1.5937396162954944	-1.2630170161024508
1980.9615384615386	-1.8788198745476044	-0.37296984850742987	-1.8788198745476044	-1.2385615497933515
1981.0	-0.3240122030615311	-0.4156330386353825	-0.3240122030615311	-0.5474552882864153
1981.0384615384614	-0.29039228191178096	-0.4582962287633362	-0.29039228191178096	-0.5474552882864153
1981.076923076923	-0.23521013997860696	-0.50095941889156	-0.23521013997860696	-0.5474552882864153
1981.1153846153845	-0.6086104626446672	-0.5436226090194837	-0.6086104626446672	-0.5474552882864153
1981.1538461538462	-0.8741105830027064	-0.5853208911768297	-0.8741105830027064	-0.5474552882864153
1981.1923076923076	-0.6896734867475007	-0.7265768190838965	-0.6896734867475007	-0.5474552882864153
1981.2307692307693	-1.0347291019120222	-1.1120845305826055	-1.0347291019120222	-0.5474552882864153
1981.2692307692307	-0.7488453647335183	-1.2630170161024508	-0.7488453647335183	-0.5474552882864153
1981.3076923076924	-0.16016803518453285	-1.2385615497933515	-0.16016803518453285	-0.0741382261293921
1981.3461538461538	0.3995570611182042	-0.5474552882864153	0.3995570611182042	0.2364957081899334
1981.3846153846155	0.38294208418408254	-0.0741382261293921	0.38294208418408254	0.3876752028953047
1981.423076923077	0.1964310759267659	0.2364957081899334	0.1964310759267659	0.17307964354871394
1981.4615384615386	0.5055988446544677	0.3876752028953047	0.5055988446544677	0.39606939823783344
1981.5	1.6216160818877017	0.30634413183527565	1.6216160818877017	0.8906998142111013
1981.5384615384614	1.6192051417585138	0.17307964354871394	1.6192051417585138	0.8906998142111013
1981.576923076923	1.2040612567553395	0.39606939823783344	1.2040612567553395	0.8906998142111013
1981.6153846153845	0.17682893781979128	0.6355844168557261	0.17682893781979128	0.6776536676406472
1981.6538461538462	0.8408425673630572	0.8906998142111013	0.8408425673630572	0.6776536676406472
1981.6923076923076	0.11869229602351378	0.6776536676406472	0.11869229602351378	0.3497797365784016
1981.7307692307693	-0.8192420520211855	0.3497797365784016	-0.8192420520211855	-0.03890073746556587
1981.7692307692307	0.6547647234558123	-0.045176693339393725	0.6547647234558123	-0.0355215238664144
1981.8076923076924	0.17421412417396837	-0.03890073746556587	0.17421412417396837	-0.06386767912349113
1981.8461538461538	-0.3084778931311494	-0.0355215238664144	-0.3084778931311494	-0.13622986064134146
1981.8846153846155	-0.39567355341486593	-0.06386767912349113	-0.39567355341486593	-0.6830494538061167
1981.923076923077	-1.2850061422037033	-0.13622986064134146	-1.2850061422037033	-0.8270271315332277
1981.9615384615386	-0.6497985190143989	-0.3111715394727483	-0.6497985190143989	-0.8270271315332277
1982.0	-1.1470689805476624	-0.6830494538061167	-1.1470689805476624	-0.8270271315332277
1982.0384615384614	-0.3358427002447061	-0.8270271315332277	-0.3358427002447061	-0.8270271315332277
1982.076923076923	0.515200725177736	-0.8416431692202623	0.515200725177736	-0.8416431692202623
1982.1153846153845	-2.9459209227725904	-1.2577084368538605	-2.9459209227725904	-1.2577084368538605
1982.1538461538462	-0.7555294196858126	-1.0965961129179809	-0.7555294196858126	-1.0965961129179809
1982.1923076923076	-0.6779400296997926	-0.4736135635113504	-0.6779400296997926	-0.4736135635113504
1982.2307692307693	0.5347037857492642	0.2832488832796186	0.5347037857492642	-0.4736135635113504
1982.2692307692307	-1.3067918123383593	0.6889619616518967	-1.3067918123383593	-0.4736135635113504
1982.3076923076924	-0.938148523332417	0.8545471478426778	-0.938148523332417	-0.4736135635113504
1982.3461538461538	-0.16638925709709604	0.779279059225691	-0.16638925709709604	-0.4736135635113504
1982.3846153846155	0.2469263021945467	0.7286649340821958	0.2469263021945467	0.2832488832796186
1982.423076923077	1.049931048721898	0.7102660679758142	1.049931048721898	0.6889619616518967
1982.4615384615386	1.0502018120863934	0.8825783576288989	1.0502018120863934	0.8545471478426778
1982.5	0.9064357957372112	1.0372417960828602	0.9064357957372112	0.8825783576288989
1982.5384615384614	1.6276184829193032	0.6283781048592667	1.6276184829193032	1.3615771403971344
1982.576923076923	0.947194461938728	0.8237627585568611	0.947194461938728	1.3615771403971344
1982.6153846153845	1.7040507239167038	1.3615771403971344	1.7040507239167038	1.3615771403971344
1982.6538461538462	0.7490277907221317	0.9915090380310878	0.7490277907221317	0.9915090380310878
1982.6923076923076	1.064546478071866	0.26131725593814875	1.064546478071866	0.9915090380310878
1982.7307692307693	-0.004983851191199128	-0.5114289108899691	-0.004983851191199128	0.26131725593814875
1982.7692307692307	-0.248104784414473	-0.8668615515840729	-0.248104784414473	-0.5114289108899691
1982.8076923076924	-1.0543808200964113	-1.1344877059319194	-1.0543808200964113	-0.8668615515840729
1982.8461538461538	-0.7756262233757469	-1.3091963454457973	-0.7756262233757469	-0.8668615515840729
1982.8846153846155	-0.7078475028790788	-1.3537996572223454	-0.7078475028790788	-0.8668615515840729
1982.923076923077	-0.8423947620175054	-1.1932295139589935	-0.8423947620175054	-0.8668615515840729
1982.9615384615386	-0.18061642007203352	-0.9709743405245227	-0.18061642007203352	-0.8668615515840729
1983.0	-0.9678390426172218	-0.8847010997002345	-0.9678390426172218	-0.8668615515840729
1983.0384615384614	-0.8833533730131213	-0.8327814275116312	-0.8833533730131213	-0.8668615515840729
1983.076923076923	-1.1405696525522342	-0.8539394087812717	-1.1405696525522342	-1.1344877059319194
1983.1153846153845	-1.0472204115838235	-0.8674123196441001	-1.0472204115838235	-1.1344877059319194
1983.1538461538462	-1.0051231412082504	-0.6888918526634648	-1.0051231412082504	-1.1344877059319194
1983.1923076923076	-0.9534200559340616	-0.5054310654986143	-0.9534200559340616	-1.1344877059319194
1983.2307692307693	-1.3050122766036187	0.13575494499309437	-1.3050122766036187	-1.3537996572223454
1983.2692307692307	-1.0151942155039373	0.7769409554810005	-1.0151942155039373	-0.8539394087812717
1983.3076923076924	0.3867394349606277	1.3406311723747266	0.3867394349606277	0.13575494499309437
1983.3461538461538	0.021962058866303986	1.9029706433603732	0.021962058866303986	0.13575494499309437
1983.3846153846155	0.8643372221060945	1.7528735099557315	0.8643372221060945	0.7769409554810005
1983.423076923077	0.2766792200748847	1.5618395720364449	0.2766792200748847	0.7769409554810005
1983.4615384615386	1.3939651220246412	1.3372013177524904	1.3939651220246412	1.3406311723747266
1983.5	1.4291186097463728	1.1531537991544956	1.4291186097463728	1.3406311723747266
1983.5384615384614	1.0329230065673067	1.1939584773148448	1.0329230065673067	1.3406311723747266
1983.576923076923	1.7733108379286626	1.1089263773243985	1.7733108379286626	1.7528735099557315
1983.6153846153845	0.6366539894420082	0.817342947922706	0.6366539894420082	1.1531537991544956
1983.6538461538462	1.0241034276857446	0.6077624821115751	1.0241034276857446	1.1089263773243985
1983.6923076923076	0.20776643189035213	0.5499558547094588	0.20776643189035213	0.6077624821115751
1983.7307692307693	0.8132839975537688	0.6207552557032662	0.8132839975537688	0.7860519843727637
1983.7692307692307	0.5333818953190202	0.7860519843727637	0.5333818953190202	0.4336698227231281
1983.8076923076924	-1.003775081634921	0.8520644660385034	-1.003775081634921	-1.394857516982668
1983.8461538461538	-0.5739798277840119	0.6809823518706895	-0.5739798277840119	-0.7644240778265591
1983.8846153846155	0.26372343968008655	0.4336698227231281	0.26372343968008655	0.06789789974196875
1983.923076923077	-1.185955084818362	-0.022549148456686322	-1.185955084818362	-0.3289522480995224
1983.9615384615386	0.01475259085069879	-0.4787681196338149	0.01475259085069879	-0.3289522480995224
1984.0	-0.4298824267125043	-0.8658246827495771	-0.4298824267125043	-0.3289522480995224
1984.0384615384614	-0.8971647936810637	-1.2519035860243617	-0.8971647936810637	-0.7743684426485237
1984.076923076923	-0.9990267908558922	-1.409110170203145	-0.9990267908558922	-1.1120361004185084
1984.1153846153845	-1.6067907325149344	-1.5451717159597265	-1.6067907325149344	-1.0926790620560727
1984.1538461538462	-0.13523918131539214	-1.394857516982668	-0.13523918131539214	-0.6842624376174887
1984.1923076923076	-0.3720713319552044	-1.186422808589624	-0.3720713319552044	-0.9162139556511023
1984.2307692307693	-1.628418028325644	-1.022328524988564	-1.628418028325644	-1.318560120708356
1984.2692307692307	-1.5280975229559866	-0.8732398099573991	-1.5280975229559866	-1.3753421706606213
1984.3076923076924	-0.8251989513025038	-0.9074515256949528	-0.8251989513025038	-0.8102773886233577
1984.3461538461538	-0.09393554693626552	-1.034828291929664	-0.09393554693626552	-0.042857979171474686
1984.3846153846155	-0.7194523826549727	-1.0353891987441364	-0.7194523826549727	-0.042857979171474686
1984.423076923077	0.5066802051990997	-0.7644240778265591	0.5066802051990997	0.5707592186472153
1984.4615384615386	1.1281518852217585	-0.49345895690738256	1.1281518852217585	0.772939199328299
1984.5	1.1138392456300634	-0.0808146119889201	1.1138392456300634	0.8728628417451111
1984.5384615384614	1.532131030373669	0.38880679887916303	1.532131030373669	1.4211118844664945
1984.576923076923	1.899571736106813	0.5876312089897331	1.899571736106813	1.481371976901837
1984.6153846153845	1.3488554387480918	0.32245594108165765	1.3488554387480918	1.2461587808497314
1984.6538461538462	0.06585396273856688	0.057280673175120235	0.06585396273856688	0.5807871232906375
1984.6923076923076	0.05924686249203162	0.06789789974196875	0.05924686249203162	0.5674016457422407
1984.7307692307693	0.466743488404036	0.16400945972554457	0.466743488404036	0.3692567916387058
1984.7692307692307	0.02769828597318526	0.25244784045652413	0.02769828597318526	0.19831435475337963
1984.8076923076924	-0.39233454278372043	0.3000532985442559	-0.39233454278372043	-0.5555079884157859
1984.8461538461538	-0.7099438681320991	0.3476587566322299	-0.7099438681320991	-0.5555079884157859
1984.8846153846155	-0.972911986343051	0.19115333664017242	-0.972911986343051	-0.5555079884157859
1984.923076923077	-0.5145162880423879	-0.01213483575815925	-0.5145162880423879	-0.5555079884157859
1984.9615384615386	0.06630520728381013	-0.3289522480995224	0.06630520728381013	-0.5555079884157859
1985.0	-0.3679909107063975	-0.7743684426485237	-0.3679909107063975	-0.5555079884157859
1985.0384615384614	-0.3348364655618086	-1.1120361004185084	-0.3348364655618086	-0.5555079884157859
1985.076923076923	-0.24141965384253322	-1.0926790620560727	-0.24141965384253322	-0.5555079884157859
1985.1153846153845	-1.0613574795845617	-0.6842624376174887	-1.0613574795845617	-0.9339355528482086
1985.1538461538462	-0.9719280750005033	-0.9162139556511023	-0.9719280750005033	-0.9339355528482086
1985.1923076923076	-2.126129946549748	-1.318560120708356	-2.126129946549748	-1.085263394851948
1985.2307692307693	-1.2973374194769178	-1.7188412824016521	-1.2973374194769178	-1.085263394851948
1985.2692307692307	-1.5405284700305628	-1.3753421706606213	-1.5405284700305628	-1.085263394851948
1985.3076923076924	-1.4117219225922204	-0.8102773886233577	-1.4117219225922204	-0.9989785025980447
1985.3461538461538	-0.15452934949553773	-0.042857979171474686	-0.15452934949553773	-0.37313288433798253
1985.3846153846155	0.4400384471570863	0.5707592186472153	0.4400384471570863	0.6948847512541416
1985.423076923077	0.3514604556425428	0.772939199328299	0.3514604556425428	0.6948847512541416
1985.4615384615386	1.1395827578063509	0.8728628417451111	1.1395827578063509	0.6948847512541416
1985.5	1.704468685441547	1.4211118844664945	1.704468685441547	3.0328101952600255
1985.5384615384614	1.4215352621615633	1.481371976901837	1.4215352621615633	1.333031001912998
1985.576923076923	1.0281136338737005	1.3993118216676024	1.0281136338737005	0.3112454409770151
1985.6153846153845	1.1780749686219214	1.2461587808497314	1.1780749686219214	1.0776210095852505
1985.6538461538462	1.2933117540982675	0.8950685284589915	1.2933117540982675	1.366125619014292
1985.6923076923076	0.8979450285418374	0.5807871232906375	0.8979450285418374	0.8271147176228961
1985.7307692307693	0.8030421111980587	0.5674016457422407	0.8030421111980587	0.8311484321979092
1985.7692307692307	0.23579834674580905	0.5558432607589602	0.23579834674580905	0.2950489038219187
1985.8076923076924	-2.207553837798522	0.372390696463742	-2.207553837798522	-0.11538734041715693
1985.8461538461538	0.5574051643841881	0.3692567916387058	0.5574051643841881	-0.11538734041715693
1985.8846153846155	-0.0003588549534418827	0.42662486887022105	-0.0003588549534418827	-0.11538734041715693
1985.923076923077	0.5604143681645832	0.4212753539177611	0.5604143681645832	-0.11538734041715693
1985.9615384615386	0.17261813641168214	0.19831435475337963	0.17261813641168214	-0.25488924767877896
1986.0	-0.6760028622303101	-0.5555079884157859	-0.6760028622303101	-0.434129768834955
1986.0384615384614	-0.9863649475942484	-0.9339355528482086	-0.9863649475942484	-0.7847320327644368
1986.076923076923	-0.5930173712907166	-1.085263394851948	-0.5930173712907166	-0.7847320327644368
1986.1153846153845	-2.0064327097753307	-0.9989785025980447	-2.0064327097753307	-1.4090196847274379
1986.1538461538462	-1.8950206793234934	-0.37313288433798253	-1.8950206793234934	-1.4621181321118062
1986.1923076923076	-0.6532814765873044	0.6948847512541416	-0.6532814765873044	-1.4601362305927181
1986.2307692307693	-1.787076036119953	1.9839175711486805	-1.787076036119953	-1.4601362305927181
1986.2692307692307	-1.1624353016300568	3.0328101952600255	-1.1624353016300568	-1.111788422301104
1986.3076923076924	-0.5417479901512285	2.5360731950463435	-0.5417479901512285	-0.8487331496106818
1986.3461538461538	-0.5933157024187471	1.333031001912998	-0.5933157024187471	-0.45171543699998445
1986.3846153846155	0.32021500292747535	0.4534892107227758	0.32021500292747535	0.0851969284729412
1986.423076923077	0.6589214644415619	0.3112454409770151	0.6589214644415619	0.7719870071369331
1986.4615384615386	0.5823102841092315	0.6304736309258511	0.5823102841092315	0.7543874427797412
1986.5	1.3097992092021988	1.0776210095852505	1.3097992092021988	1.0268154134494092
1986.5384615384614	1.631501768975662	1.366125619014292	1.631501768975662	1.3298475484217196
1986.576923076923	1.1533786172772915	1.2293135376084678	1.1533786172772915	1.1272741741336656
1986.6153846153845	1.1728370946802882	0.9229932878891213	1.1728370946802882	1.1272741741336656
1986.6538461538462	1.1976022492516825	0.8271147176228961	1.1976022492516825	1.1272741741336656
1986.6923076923076	1.1630524187545213	1.0800097771927355	1.1630524187545213	0.7957676295510856
1986.7307692307693	0.19122129864108692	0.8311484321979092	0.19122129864108692	0.36924846065731903
1986.7692307692307	0.8094785999689452	0.574683220603108	0.8094785999689452	0.36924846065731903
1986.8076923076924	0.14060590382916505	0.2950489038219187	0.14060590382916505	0.07977418522506807
1986.8461538461538	-0.029008530091264355	-0.11538734041715693	-0.029008530091264355	-0.22110265727448294
1986.8846153846155	-1.2741700863103382	-0.25488924767877896	-1.2741700863103382	-0.8182294937221775
1986.923076923077	-0.11378595417945152	-0.434129768834955	-0.11378595417945152	-0.8182294937221775
1986.9615384615386	-0.6688334648264791	-0.7847320327644368	-0.6688334648264791	-0.8182294937221775
1987.0	-1.082532712267686	-1.4090196847274379	-1.082532712267686	-0.8182294937221775
1987.0384615384614	-0.5069930356920977	-1.4621181321118062	-0.5069930356920977	-0.8182294937221775
1987.076923076923	-1.2566077113248029	-1.4601362305927181	-1.2566077113248029	-1.2698290867520492
1987.1153846153845	-0.9387982085009761	-1.2670241648352392	-0.9387982085009761	-0.8525932424010233
1987.1538461538462	-1.081662211055956	-1.1099299509773608	-1.081662211055956	-0.8525932424010233
1987.1923076923076	-0.052143293787251195	-1.111788422301104	-0.052143293787251195	-0.689439895615055
1987.2307692307693	-1.316463792477167	-1.1293002170865252	-1.316463792477167	-1.0110983946375935
1987.2692307692307	-1.4455549864401642	-1.1590357582710218	-1.4455549864401642	-1.2111686660682772
1987.3076923076924	-1.073883414766661	-0.8487331496106818	-1.073883414766661	-0.878755273848121
1987.3461538461538	-0.2901592300496762	-0.45171543699998445	-0.2901592300496762	-0.6226869324097354
1987.3846153846155	0.06771327885284938	0.0851969284729412	0.06771327885284938	-0.24418837490295112
1987.423076923077	0.21709127528448943	0.4843695575882067	0.21709127528448943	0.40115125707702837
1987.4615384615386	1.484753044543672	0.7519894282492116	1.484753044543672	0.9086337965534229
1987.5	1.3573130640892135	0.7719870071369331	1.3573130640892135	0.9086337965534229
1987.5384615384614	1.730113518475498	0.7618213280746808	1.730113518475498	0.9086337965534229
1987.576923076923	1.5312859435445032	0.7543874427797412	1.5312859435445032	0.9086337965534229
1987.6153846153845	0.8023518448293216	1.0268154134494092	0.8023518448293216	0.8854451634207349
1987.6538461538462	1.1269523415475526	1.3298475484217196	1.1269523415475526	0.8854451634207349
1987.6923076923076	0.36684962056198284	1.1272741741336656	0.36684962056198284	0.3328370423777898
1987.7307692307693	-0.17536075989005837	0.7957676295510856	-0.17536075989005837	0.07540789599476456
1987.7692307692307	-0.17230636386179035	0.36924846065731903	-0.17230636386179035	-0.04553569963771414
1987.8076923076924	-0.42640813334138533	0.07977418522506807	-0.42640813334138533	-0.3532456154962834
1987.8461538461538	-0.5297175887549831	-0.22110265727448294	-0.5297175887549831	-0.3532456154962834
1987.8846153846155	-1.1023656836832538	-0.8182294937221775	-1.1023656836832538	-0.3532456154962834
1987.923076923077	-1.2856214582001417	-1.2391755131019004	-1.2856214582001417	-0.3532456154962834
1987.9615384615386	-0.6973193500593231	-1.3261519710593301	-0.6973193500593231	-0.3532456154962834
1988.0	-0.21461838631327423	-1.3125310442709934	-0.21461838631327423	-0.3532456154962834
1988.0384615384614	-1.1345706517372898	-1.2698290867520492	-1.1345706517372898	-0.3532456154962834
1988.076923076923	-0.055822782175592174	-1.417207162657103	-0.055822782175592174	-0.3532456154962834
1988.1153846153845	-0.6119414993968075	-1.4740443244384611	-0.6119414993968075	-0.3532456154962834
1988.1538461538462	-1.1029910590945768	-1.221446081090595	-1.1029910590945768	-1.2171329429923077
1988.1923076923076	-1.621475811250173	-0.8525932424010233	-1.621475811250173	-1.6810481467203082
1988.2307692307693	-1.7438348530021084	-0.689439895615055	-1.7438348530021084	-1.8683667463375586
1988.2692307692307	-1.0270549512218814	-1.0110983946375935	-1.0270549512218814	-1.0066090250904607
1988.3076923076924	-0.10723120617245495	-1.1862095071767347	-0.10723120617245495	-0.36084593272648907
1988.3461538461538	0.634571374643893	-1.2111686660682772	0.634571374643893	0.5383239478579748
1988.3846153846155	0.15005166017641805	-1.0592916952087617	0.15005166017641805	0.5383239478579748
1988.423076923077	1.2176569729502538	-0.878755273848121	1.2176569729502538	0.722232879460227
1988.4615384615386	0.9130714673903223	-0.8371771796676356	0.9130714673903223	1.0313926497536545
1988.5	1.5642443037361429	-0.6956474400976932	1.5642443037361429	1.5490747294200125
1988.5384615384614	1.1171143294641455	-0.6226869324097354	1.1171143294641455	1.0800812142837761
1988.576923076923	1.5389197756784714	-0.24418837490295112	1.5389197756784714	1.5872913664593606
1988.6153846153845	1.214471406668604	0.40115125707702837	1.214471406668604	1.095986822477508
1988.6538461538462	0.9925715128790678	0.9086337965534229	0.9925715128790678	1.095986822477508
1988.6923076923076	0.44243512769201365	0.8854451634207349	0.44243512769201365	0.5757876690510805
1988.7307692307693	0.36475935281057936	0.3328370423777898	0.36475935281057936	0.18492167359689513
1988.7692307692307	-0.4591266709109228	0.07540789599476456	-0.4591266709109228	-0.5342038206105802
1988.8076923076924	-0.5695054527433812	-0.04553569963771414	-0.5695054527433812	-0.5342038206105802
1988.8461538461538	-0.9307653167546699	-0.3532456154962834	-0.9307653167546699	-0.9684312214277664
1988.8846153846155	-1.1598179620373388	-1.2171329429923077	-1.1598179620373388	-0.9684312214277664
1988.923076923077	-0.647367656023109	-1.6810481467203082	-0.647367656023109	-0.9684312214277664
1988.9615384615386	-0.5858816000896871	-1.7210616410604542	-0.5858816000896871	-0.9684312214277664
1989.0	-1.1576824568242314	-1.8683667463375586	-1.1576824568242314	-1.306641550939673
1989.0384615384614	-2.5320752960637423	-1.8338001058991502	-2.5320752960637423	-1.3941326745578995
1989.076923076923	0.17746272718200526	-1.642992498638463	0.17746272718200526	-0.6941989492032475
1989.1153846153845	0.5422462854967207	-1.0066090250904607	0.5422462854967207	-0.6941989492032475
1989.1538461538462	-0.5677973803890487	-0.36084593272648907	-0.5677973803890487	-0.6941989492032475
1989.1923076923076	-0.7604447371022761	0.1962937422031446	-0.7604447371022761	-0.6941989492032475
1989.2307692307693	-0.8689995193848254	0.5383239478579748	-0.8689995193848254	-0.6941989492032475
1989.2692307692307	0.02045582719565026	0.722232879460227	0.02045582719565026	0.17213177466601068
1989.3076923076924	0.36802175249496527	0.8768127646073935	0.36802175249496527	0.17213177466601068
1989.3461538461538	-0.2935331700253194	1.0313926497536545	-0.2935331700253194	0.17213177466601068
1989.3846153846155	0.8459099950976	1.185972534900791	0.8459099950976	0.7202378560289376
1989.423076923077	0.72338554910154	1.340552420047052	0.72338554910154	0.7202378560289376
1989.4615384615386	0.8341349564540518	1.4471161603221818	0.8341349564540518	0.8295602910026607
1989.5	1.780021167520942	1.3407758600208346	1.780021167520942	1.3341023873666351
1989.5384615384614	1.4608707605883542	1.386765850012717	1.4608707605883542	1.3460335442886806
1989.576923076923	1.9127930715540902	1.5490747294200125	1.9127930715540902	1.3460335442886806
1989.6153846153845	1.5345893524596619	1.7295907408479632	1.5345893524596619	1.3460335442886806
1989.6538461538462	1.3628423676728663	1.8579219246255847	1.3628423676728663	1.3460335442886806
1989.6923076923076	0.7968947178154542	1.729194192681104	0.7968947178154542	0.7728712098151954
1989.7307692307693	0.19480408065665272	1.495078391723201	0.19480408065665272	0.3492404760209516
1989.7692307692307	-0.4742164660857822	1.17622709257728	-0.4742164660857822	-0.22718934187531994
1989.8076923076924	0.13773056169802875	1.0800812142837761	0.13773056169802875	-0.22718934187531994
1989.8461538461538	-0.8847640970997398	1.1264833984869262	-0.8847640970997398	-0.6747211280984834
1989.8846153846155	-0.3161500143773194	1.5872913664593606	-0.3161500143773194	-0.6747211280984834
1989.923076923077	-0.1826168683387077	1.5537760552004178	-0.1826168683387077	-0.6747211280984834
1989.9615384615386	-0.6562351624937152	1.095986822477508	-0.6562351624937152	-0.6747211280984834
1990.0	-1.3321540688521856	0.5757876690510805	-1.3321540688521856	-1.0849613950748882
1990.0384615384614	-0.9763889588792339	0.18492167359689513	-0.9763889588792339	-1.0849613950748882
1990.076923076923	-1.7860615875145274	-0.007327200145544357	-1.7860615875145274	-1.0849613950748882
1990.1153846153845	-0.3808024811399482	-0.5342038206105802	-0.3808024811399482	-0.83873354686353
1990.1538461538462	-0.6756758341444735	-0.9684312214277664	-0.6756758341444735	-0.5573323650718983
1990.1923076923076	-0.4463355795137522	-1.284943183906158	-0.4463355795137522	-0.5573323650718983
1990.2307692307693	-1.1170600613767487	-1.2132930214243651	-1.1170600613767487	-0.5573323650718983
1990.2692307692307	0.21397156835699063	-1.306641550939673	0.21397156835699063	0.35169365420992144
1990.3076923076924	-0.6801250203956938	-1.6026920838292866	-0.6801250203956938	0.13191903231279628
1990.3461538461538	0.6189441092726168	-1.647356663905329	0.6189441092726168	0.28438462045832524
1990.3846153846155	0.5496664468821963	-1.3941326745578995	0.5496664468821963	0.43147823040162453
1990.423076923077	0.7695870226441136	-0.6941989492032475	0.7695870226441136	0.5713878289140358
1990.4615384615386	0.8021077010334123	0.17213177466601068	0.8021077010334123	1.0083642627277623
1990.5	1.0471335925297716	0.7202378560289376	1.0471335925297716	1.0083642627277623
1990.5384615384614	1.0761981022224303	0.9174657621770435	1.0761981022224303	1.0083642627277623
1990.576923076923	1.5754432395439697	0.8167223204579781	1.5754432395439697	1.5464781032653305
1990.6153846153845	2.338616538218849	0.8295602910026607	2.338616538218849	1.5464781032653305
1990.6538461538462	1.5234947927643983	0.8911839843538608	1.5234947927643983	1.4329530519776317
1990.6923076923076	0.8641908252410629	1.019284481381819	0.8641908252410629	0.6384622638235463
1990.7307692307693	-0.20835366983540543	1.3341023873666351	-0.20835366983540543	0.06418076113377845
1990.7692307692307	-0.4071130041799067	1.3460335442886806	-0.4071130041799067	-0.4577896641693721
1990.8076923076924	-0.47189442556761674	0.9673771598976145	-0.47189442556761674	-0.4577896641693721
1990.8461538461538	-0.4618898219015776	0.7728712098151954	-0.4618898219015776	-0.4577896641693721
1990.8846153846155	-0.9710036288186334	0.6481261957713141	-0.9710036288186334	-0.9167944597544136
1990.923076923077	-1.3600510161566046	0.4709163459059926	-1.3600510161566046	-1.6101447719745265
1990.9615384615386	0.48039118603466635	0.3492404760209516	0.48039118603466635	-0.8597223368484253
1991.0	-1.0865681033528154	0.42812798815507785	-1.0865681033528154	-0.8024364951850975
1991.0384615384614	-0.37315297846282497	0.2840188066156956	-0.37315297846282497	-0.7236719334246136
1991.076923076923	-0.7299231085900916	-0.22718934187531994	-0.7299231085900916	-0.7236719334246136
1991.1153846153845	-0.5887847155457324	-0.6747211280984834	-0.5887847155457324	-0.6200671342153674
1991.1538461538462	-0.36195105480846523	-1.0849613950748882	-0.36195105480846523	-0.4435178647081817
1991.1923076923076	-0.19306733974307647	-0.83873354686353	-0.19306733974307647	-0.4435178647081817
1991.2307692307693	-0.3012376814760791	-0.5573323650718983	-0.3012376814760791	-0.4435178647081817
1991.2692307692307	-0.4133872332434429	-0.09694607932229367	-0.4133872332434429	-0.4435178647081817
1991.3076923076924	-0.210439311207962	0.19617255071064824	-0.210439311207962	-0.1241880040917468
1991.3461538461538	-0.7404320703886703	0.35169365420992144	-0.7404320703886703	-0.1241880040917468
1991.3846153846155	0.5141189287333505	0.20620361585528274	0.5141189287333505	0.15984607818946925
1991.423076923077	0.6585335773197201	0.13649185490445445	0.6585335773197201	0.39034399891256905
1991.4615384615386	1.6274918153980975	0.13191903231279628	1.6274918153980975	0.39034399891256905
1991.5	0.7541146359552584	0.28438462045832524	0.7541146359552584	0.39034399891256905
1991.5384615384614	0.9613706830348788	0.43147823040162453	0.9613706830348788	0.39034399891256905
1991.576923076923	1.0218944924992175	0.5713878289140358	1.0218944924992175	0.39034399891256905
1991.6153846153845	1.7250109406385603	1.0083642627277623	1.7250109406385603	0.39034399891256905
1991.6538461538462	1.1991190023286054	1.5464781032653305	1.1991190023286054	0.39034399891256905
1991.6923076923076	0.8313955674586767	1.4329530519776317	0.8313955674586767	0.39034399891256905
1991.7307692307693	-0.07905545384482163	1.2254955443309037	-0.07905545384482163	0.2556448577225689
1991.7692307692307	-0.10176071858119927	0.6384622638235463	-0.10176071858119927	-0.35327490211965323
1991.8076923076924	0.0019339697968600773	0.06418076113377845	0.0019339697968600773	-0.3564509630410018
1991.8461538461538	-0.8673270156225493	-0.4577896641693721	-0.8673270156225493	-0.7977067703889028
1991.8846153846155	-0.5303111229520552	-0.9167944597544136	-0.5303111229520552	-0.7977067703889028
1991.923076923077	-1.2710635548654161	-1.316303220099705	-1.2710635548654161	-0.7977067703889028
1991.9615384615386	-1.435561004641061	-1.5141985424319633	-1.435561004641061	-0.7977067703889028
1992.0	-0.5630315320726842	-1.6101447719745265	-0.5630315320726842	-0.7977067703889028
1992.0384615384614	-1.1489250326850249	-1.5215509417426953	-1.1489250326850249	-0.7977067703889028
1992.076923076923	-1.1766074733178862	-1.3791105789827367	-1.1766074733178862	-0.7977067703889028
1992.1153846153845	-0.5233255735894734	-1.066876937517178	-0.5233255735894734	-0.7977067703889028
1992.1538461538462	-0.6437222421540091	-0.8597223368484253	-0.6437222421540091	-0.7977067703889028
1992.1923076923076	-1.1588258086103171	-0.8024364951850975	-1.1588258086103171	-1.2014662494490542
1992.2307692307693	-1.6612578408161622	-0.7236719334246136	-1.6612578408161622	-1.4842414158709119
1992.2692307692307	-0.33702503282111324	-0.6200671342153674	-0.33702503282111324	-0.31713337272556363
1992.3076923076924	-0.9624588385815256	-0.4435178647081817	-0.9624588385815256	-0.5778129567416932
1992.3461538461538	-0.2623100273661709	-0.1241880040917468	-0.2623100273661709	-0.11372022702647698
1992.3846153846155	0.5190347747383275	0.15984607818946925	0.5190347747383275	0.517767833994221
1992.423076923077	0.6302474329438638	0.3131244112886913	0.6302474329438638	0.517767833994221
1992.4615384615386	1.0082664791638511	0.39034399891256905	1.0082664791638511	0.9844114909867173
1992.5	1.5325928877483217	0.2556448577225689	1.5325928877483217	1.0753284450252576
1992.5384615384614	1.209505606654916	0.08506421592420067	1.209505606654916	1.0753284450252576
1992.576923076923	1.7857233201178178	-0.16330345344411035	1.7857233201178178	1.0753284450252576
1992.6153846153845	1.0799513851890359	-0.35327490211965323	1.0799513851890359	1.0753284450252576
1992.6538461538462	0.3517351999843294	-0.2944407944656098	0.3517351999843294	0.6387174366092393
1992.6923076923076	0.6463564624635137	-0.3564509630410018	0.6463564624635137	0.6387174366092393
1992.7307692307693	0.26794008453334156	-0.7977067703889028	0.26794008453334156	0.17838139275598455
1992.7692307692307	-0.698666402427563	-1.2014662494490542	-0.698666402427563	-0.15113954057052476
1992.8076923076924	-0.5259477020104564	-1.5148352860156271	-0.5259477020104564	-0.15113954057052476
1992.8461538461538	-0.7536734573596181	-1.5644675456287962	-0.7536734573596181	-0.15113954057052476
1992.8846153846155	-0.33682827238291674	-1.372482562782678	-0.33682827238291674	-0.15113954057052476
1992.923076923077	-0.7319076894930101	-1.4842414158709119	-0.7319076894930101	-0.15113954057052476
1992.9615384615386	-0.27774206847083494	-1.8219440906770183	-0.27774206847083494	-0.15113954057052476
1993.0	-0.20906655423933151	-2.0360282029176653	-0.20906655423933151	-0.15113954057052476
1993.0384615384614	-1.3921641477007969	-1.9570326505093947	-1.3921641477007969	-0.15113954057052476
1993.076923076923	-0.7609193104280801	-1.1209690173723605	-0.7609193104280801	-0.15113954057052476
1993.1153846153845	0.2169028345024947	-0.31713337272556363	0.2169028345024947	-0.15113954057052476
1993.1538461538462	-1.175291849668728	-0.24331302078410513	-1.175291849668728	-0.15113954057052476
1993.1923076923076	-0.9522817559527968	-0.5778129567416932	-0.9522817559527968	-0.15113954057052476
1993.2307692307693	-0.5448261678669234	-0.11372022702647698	-0.5448261678669234	-0.15113954057052476
1993.2692307692307	-0.8604805394218887	0.517767833994221	-0.8604805394218887	-0.15113954057052476
1993.3076923076924	-0.5677335217907029	0.9844114909867173	-0.5677335217907029	-0.15113954057052476
1993.3461538461538	0.13552059834600672	1.0753284450252576	0.13552059834600672	-0.002034338936102981
1993.3846153846155	0.7243705123518387	0.6387174366092393	0.7243705123518387	0.8085792793528697
1993.423076923077	0.32196665721946643	0.17838139275598455	0.32196665721946643	0.8085792793528697
1993.4615384615386	0.8496234786278827	-0.15113954057052476	0.8496234786278827	0.8085792793528697
1993.5	1.012756679760771	-0.002034338936102981	1.012756679760771	0.8085792793528697
1993.5384615384614	1.85855136865623	0.8085792793528697	1.85855136865623	1.542743189358161
1993.576923076923	2.0411102018446448	1.542743189358161	2.0411102018446448	1.542743189358161
1993.6153846153845	1.3043121977503074	1.3235144368176945	1.3043121977503074	1.3235144368176945
1993.6538461538462	1.389411680304701	1.1191433264855972	1.389411680304701	1.1191433264855972
1993.6923076923076	0.4527240907613314	0.5176949263830656	0.4527240907613314	0.11476694240132644
1993.7307692307693	1.0750984851385004	0.11476694240132644	1.0750984851385004	1.165018803242119
1993.7692307692307	0.9078603942668256	0.3846927454959063	0.9078603942668256	1.0346208841858762
1993.8076923076924	-0.2806487955310283	1.165018803242119	-0.2806487955310283	0.2281641414101657
1993.8461538461538	-0.7572882852227893	1.0346208841858762	-0.7572882852227893	-0.8584883365200203
1993.8846153846155	-0.9861417593540397	0.2281641414101657	-0.9861417593540397	-0.8584883365200203
1993.923076923077	-1.1307058782310813	-0.8584883365200203	-1.1307058782310813	-0.8584883365200203
1993.9615384615386	-0.7444337291471732	-1.426107773865733	-0.7444337291471732	-0.8584883365200203
1994.0	-0.6264151841430701	-1.659951880816586	-0.6264151841430701	-0.8584883365200203
1994.0384615384614	-0.7303611920115874	-1.6710600509949598	-0.7303611920115874	-0.8584883365200203
1994.076923076923	-0.050931703631017254	-1.4880226827215495	-0.050931703631017254	-0.8584883365200203
1994.1153846153845	-1.5785733714673538	-1.1431112455116608	-1.5785733714673538	-1.659951880816586
1994.1538461538462	-1.023483013000804	-0.6607698205683079	-1.023483013000804	-1.1431112455116608
1994.1923076923076	-1.1240616172588145	-0.35058283241971544	-1.1240616172588145	-1.1431112455116608
1994.2307692307693	-0.40064103547007474	-0.2137986673112664	-0.40064103547007474	-0.35058283241971544
1994.2692307692307	-0.5665802585454501	-0.30767988690683307	-0.5665802585454501	-0.30767988690683307
1994.3076923076924	-0.5621794541433413	0.0312418912567615	-0.5621794541433413	-0.30767988690683307
1994.3461538461538	0.18203297449170247	0.689338712132867	0.18203297449170247	0.0312418912567615
1994.3846153846155	-0.00518442523800772	1.2485442376540212	-0.00518442523800772	0.0312418912567615
1994.423076923077	0.47660256067525	1.342374970339949	0.47660256067525	0.689338712132867
1994.4615384615386	1.3439149865049622	1.2850414790751814	1.3439149865049622	1.2485442376540212
1994.5	1.3342693769347105	1.3542618710669996	1.3342693769347105	1.2850414790751814
1994.5384615384614	1.595337002147881	1.7285021024926333	1.595337002147881	1.7285021024926333
1994.576923076923	2.362824970941249	2.2000927971080824	2.362824970941249	2.2113177255388257
1994.6153846153845	1.9688956813055098	2.2113177255388257	1.9688956813055098	2.061157782914287
1994.6538461538462	1.1364816157807993	2.3384179116412995	1.1364816157807993	1.524232039626264
1994.6923076923076	0.31727991770489383	2.061157782914287	0.31727991770489383	0.7142828400316207
1994.7307692307693	0.22845128826641597	1.524232039626264	0.22845128826641597	0.11276745163397243
1994.7692307692307	-0.2844601844489936	0.7142828400316207	-0.2844601844489936	-0.15850165211942188
1994.8076923076924	-0.3495167255179668	0.11276745163397243	-0.3495167255179668	-0.15850165211942188
1994.8461538461538	-0.2781094200190667	-0.15850165211942188	-0.2781094200190667	-0.605107447298284
1994.8846153846155	-1.5935811118809495	-0.605107447298284	-1.5935811118809495	-0.9797680252752957
1994.923076923077	-0.6024816082904201	-0.9797680252752957	-0.6024816082904201	-0.7185333272691158
1994.9615384615386	-1.253891807347791	-0.7185333272691158	-1.253891807347791	-0.7185333272691158
1995.0	-0.00837820534170596	-0.5272752748906114	-0.00837820534170596	-0.5272752748906114
1995.0384615384614	-0.8294254027448985	-0.4177900538170684	-0.8294254027448985	-0.5272752748906114
1995.076923076923	-0.4135101069340977	-0.6470954271584766	-0.4135101069340977	-0.4177900538170684
1995.1153846153845	-0.9547475248010869	-0.7879878445441301	-0.9547475248010869	-0.7879878445441301
1995.1538461538462	-0.5437677317011693	-0.8053060125974095	-0.5437677317011693	-0.3423813190008721
1995.1923076923076	-0.6466510325259496	-0.5996773574601232	-0.6466510325259496	-0.5448610774101356
1995.2307692307693	-0.5984198916223317	-0.38295073120099415	-0.5984198916223317	-0.5448610774101356
1995.2692307692307	-0.5835875748904995	-0.3423813190008721	-0.5835875748904995	-0.14077048950240303
1995.3076923076924	0.3609441823026146	-0.35626936790031744	0.3609441823026146	0.10176153383568311
1995.3461538461538	0.5164587487277223	-0.44269985477465845	0.5164587487277223	0.5740908127833291
1995.3846153846155	0.4943535805957983	-0.5306281974291688	0.4943535805957983	0.9189449420593319
1995.423076923077	0.42273314281503893	-0.5448610774101356	0.42273314281503893	0.9771532291295273
1995.4615384615386	1.6368163727539553	-0.14077048950240303	1.6368163727539553	1.5410802535218253
1995.5	1.9085493960381628	0.10176153383568311	1.9085493960381628	2.493955624357582
1995.5384615384614	1.6048826261273337	0.22876143291750808	1.6048826261273337	1.650822173979141
1995.576923076923	1.3885084634398217	0.5740908127833291	1.3885084634398217	1.650822173979141
1995.6153846153845	1.4198541355149097	0.8555632648868295	1.4198541355149097	1.650822173979141
1995.6538461538462	1.2234060412844634	0.9189449420593319	1.2234060412844634	1.650822173979141
1995.6923076923076	1.2951298860880347	0.9771532291295273	1.2951298860880347	1.650822173979141
1995.7307692307693	0.6361157627957418	1.5410802535218253	0.6361157627957418	0.6796924682499641
1995.7692307692307	-0.7632396336284386	2.127067027069327	-0.7632396336284386	-0.18607842370968256
1995.8076923076924	0.21731419096014434	2.493955624357582	0.21731419096014434	-0.18607842370968256
1995.8461538461538	-0.8497984741958253	2.3627913051686438	-0.8497984741958253	-0.7031426789877936
1995.8846153846155	-1.5615067878616784	1.650822173979141	-1.5615067878616784	-0.7858840317724141
1995.923076923077	-0.7140474447579148	0.6796924682499641	-0.7140474447579148	-0.7858840317724141
1995.9615384615386	-0.8467642495480854	-0.18607842370968256	-0.8467642495480854	-0.7858840317724141
1996.0	-1.5073457112268664	-0.44676335365884196	-1.5073457112268664	-0.7858840317724141
1996.0384615384614	-0.7610571282609243	-0.7031426789877936	-0.7610571282609243	-0.7778335461897512
1996.076923076923	-0.9519528721915367	-0.7445133553802239	-0.9519528721915367	-0.6939430079415339
1996.1153846153845	-0.09636667260096962	-0.7858840317724141	-0.09636667260096962	-0.6100524696928054
1996.1538461538462	0.43691994493464775	-0.7778335461897512	0.43691994493464775	-0.6100524696928054
1996.1923076923076	-1.2470488581819217	-0.6939430079415339	-1.2470488581819217	-0.6100524696928054
1996.2307692307693	-1.1139390346093634	-0.6100524696928054	-1.1139390346093634	-0.6100524696928054
1996.2692307692307	-0.40216426916881676	-0.36169155042511286	-0.40216426916881676	-0.6100524696928054
1996.3076923076924	-1.0947199309520625	-0.06405251748997093	-1.0947199309520625	-0.6100524696928054
1996.3461538461538	-0.0623908603790115	0.23889557494290511	-0.0623908603790115	-0.36169155042511286
1996.3846153846155	-0.5099303346190648	0.5733085424484029	-0.5099303346190648	-0.36169155042511286
1996.423076923077	0.2509776739623737	0.9077215099519705	0.2509776739623737	0.23889557494290511
1996.4615384615386	0.9845834387288772	1.11323597770038	0.9845834387288772	0.9077215099519705
1996.5	0.7274380419472207	1.1994248868594983	0.7274380419472207	1.1994248868594983
1996.5384615384614	1.7769981032019633	1.2856137960191303	1.7769981032019633	1.2856137960191303
1996.576923076923	1.3568644761896416	1.212525244824589	1.3568644761896416	1.212525244824589
1996.6153846153845	0.9439770870577084	1.1205904083967533	0.9439770870577084	1.0122650427948527
1996.6538461538462	0.6665575487911866	1.0122650427948527	0.6665575487911866	0.5789034281256678
1996.6923076923076	0.20255565857469351	0.859423377218738	0.20255565857469351	0.350646686673324
1996.7307692307693	0.16099397282877295	0.7065817116435588	0.16099397282877295	0.04726172644475779
1996.7692307692307	-0.8064969805524661	0.5789034281256678	-0.8064969805524661	-0.133561505542653
1996.8076923076924	0.7860798191711613	0.46513406804688934	0.7860798191711613	-0.133561505542653
1996.8461538461538	-0.5381807036332971	0.350646686673324	-0.5381807036332971	-0.4729497268545882
1996.8846153846155	-0.9563832602573598	0.19895420655950924	-0.9563832602573598	-0.5187033480786043
1996.923076923077	-1.1003168600422635	0.04726172644475779	-1.1003168600422635	-0.5187033480786043
1996.9615384615386	-0.25832061900041997	-0.133561505542653	-0.25832061900041997	-0.5187033480786043
1997.0	-0.3314946724254474	-0.4729497268545882	-0.3314946724254474	-0.5187033480786043
1997.0384615384614	-0.758610295675558	-0.5187033480786043	-0.758610295675558	-0.5187033480786043
1997.076923076923	-0.8434360084924721	-0.2234106553984225	-0.8434360084924721	-0.5187033480786043
1997.1153846153845	-0.908135483455965	0.3797882830469071	-0.908135483455965	-0.5187033480786043
1997.1538461538462	-1.7336697592492303	0.7424606800469069	-1.7336697592492303	-0.5187033480786043
1997.1923076923076	-1.2874915984602702	0.9018460660911433	-1.2874915984602702	-0.5187033480786043
1997.2307692307693	-0.6408108823896792	0.6687919307428876	-0.6408108823896792	-0.5187033480786043
1997.2692307692307	-0.757301026818655	0.6970762845872478	-0.757301026818655	-0.5187033480786043
1997.3076923076924	-0.3308831648450079	1.0002062593598002	-0.3308831648450079	-0.2234106553984225
1997.3461538461538	0.06431651223181048	0.8729077820909643	0.06431651223181048	-0.2234106553984225
1997.3846153846155	0.49963594595048194	0.9807390677535851	0.49963594595048194	0.3797882830469071
1997.423076923077	0.6245178785256008	1.3038813562597864	0.6245178785256008	0.7424606800469069
1997.4615384615386	0.8850581077050561	1.0848878437040572	0.8850581077050561	0.6970762845872478
1997.5	1.3584308873132018	0.8218742061011322	1.3584308873132018	1.3038813562597864
1997.5384615384614	1.2000568064491293	0.5233734966408626	1.2000568064491293	1.3038813562597864
1997.576923076923	1.7870835140882908	0.3984251450853457	1.7870835140882908	1.3038813562597864
1997.6153846153845	0.8610755435588161	0.20631513358928652	0.8610755435588161	1.0848878437040572
1997.6538461538462	1.2602118786359078	-0.03621921732809195	1.2602118786359078	0.8218742061011322
1997.6923076923076	0.34862829499949455	-0.2803327045340705	0.34862829499949455	0.5233734966408626
1997.7307692307693	0.08555101636323251	-0.3837382368371232	0.08555101636323251	0.20631513358928652
1997.7692307692307	-0.2978997549905036	-0.5367555370889939	-0.2978997549905036	-0.2803327045340705
1997.8076923076924	-0.7000313351870755	-0.7341140003849723	-0.7000313351870755	-0.5367555370889939
1997.8461538461538	-0.5053446159788436	-0.9847940787437247	-0.5053446159788436	-0.7341140003849723
1997.8846153846155	-1.2425639139831461	-1.162247190734767	-1.2425639139831461	-0.9847940787437247
1997.923076923077	-1.227581637468348	-1.2933615998249068	-1.227581637468348	-1.162247190734767
1997.9615384615386	-1.2851814958520138	-1.3429100840532415	-1.2851814958520138	-1.2994386578524617
1998.0	-0.1626394098556419	-1.2994386578524617	-0.1626394098556419	-0.9738137866781555
1998.0384615384614	-0.7156559264319499	-1.3252491267703832	-0.7156559264319499	-0.9738137866781555
1998.076923076923	-0.7924047716619421	-1.1534221488047556	-0.7924047716619421	-1.0457154659593824
1998.1153846153845	-1.2282992870161957	-0.9738137866781555	-1.2282992870161957	-1.1515618906886742
1998.1538461538462	-1.9004194637905756	-1.0457154659593824	-1.9004194637905756	-1.0059046568692236
1998.1923076923076	-0.19650559107586743	-1.1515618906886742	-0.19650559107586743	0.15567867659082107
1998.2307692307693	-1.157596190311821	-1.2242148407969977	-1.157596190311821	-0.6290219659985163
1998.2692307692307	-0.46064911719138385	-1.0059046568692236	-0.46064911719138385	-0.30770273654626606
1998.3076923076924	-0.4170263314473898	-0.4086646479311875	-0.4170263314473898	-0.30770273654626606
1998.3461538461538	-0.2770902024681194	0.004517446403162679	-0.2770902024681194	0.1552479925714232
1998.3846153846155	0.7825048716684846	0.21602648358505103	0.7825048716684846	0.5404623610576216
1998.423076923077	1.4658728629502946	0.15567867659082107	1.4658728629502946	0.9752713428513252
1998.4615384615386	0.8742212661098895	0.07189142837242236	0.8742212661098895	0.9752713428513252
1998.5	1.569723968869442	0.05223998617242609	1.569723968869442	0.9752713428513252
1998.5384615384614	0.9678698662059679	-0.2929565919674149	0.9678698662059679	0.9752713428513252
1998.576923076923	1.1185109699643643	-0.6290219659985163	1.1185109699643643	0.9752713428513252
1998.6153846153845	1.2763247263129667	-0.30770273654626606	1.2763247263129667	0.9579015255983221
1998.6538461538462	0.35950841506289	0.1552479925714232	0.35950841506289	0.5847573045946529
1998.6923076923076	0.9757992242219986	0.5404623610576216	0.9757992242219986	0.5847573045946529
1998.7307692307693	0.11893470414918293	0.9752713428513252	0.11893470414918293	0.17363947180656497
1998.7692307692307	-0.826108315610539	0.9579015255983221	-0.826108315610539	-0.40350498031658383
1998.8076923076924	0.15665454621231378	0.5847573045946529	0.15665454621231378	-0.40350498031658383
1998.8461538461538	-0.4951402244841906	0.17363947180656497	-0.4951402244841906	-0.40350498031658383
1998.8846153846155	-0.9173138235698569	-0.09338611327976298	-0.9173138235698569	-1.2399965620169846
1998.923076923077	-1.2430423163634992	-0.40350498031658383	-1.2430423163634992	-1.2399965620169846
1998.9615384615386	-1.1094411257835528	-1.2399965620169846	-1.1094411257835528	-1.2399965620169846
1999.0	-0.9555298478467139	-1.8199923822353985	-0.9555298478467139	-1.2399965620169846
1999.0384615384614	-1.072068202605463	-1.9207338447828926	-1.072068202605463	-1.2399965620169846
1999.076923076923	-2.3905745333096684	-1.8494910050391105	-2.3905745333096684	-1.8199923822353985
1999.1153846153845	-1.1218529492393279	-1.5983342184894338	-1.1218529492393279	-1.8199923822353985
1999.1538461538462	-1.5598485279690977	-1.3345895605636915	-1.5598485279690977	-1.9207338447828926
1999.1923076923076	-1.5259183833890515	-1.0563898047538403	-1.5259183833890515	-1.5983342184894338
1999.2307692307693	-1.3196371032322167	-0.7478822558667498	-1.3196371032322167	-1.3345895605636915
1999.2692307692307	-0.8228633462416632	-0.024017731439499694	-0.8228633462416632	-1.0563898047538403
1999.3076923076924	-0.252883692031498	0.7213639623405839	-0.252883692031498	-0.024017731439499694
1999.3461538461538	0.5240187086399485	1.036793154937195	0.5240187086399485	0.7213639623405839
1999.3846153846155	-0.03854753940793893	1.2396708212352971	-0.03854753940793893	0.7213639623405839
1999.423076923077	1.547706376836577	1.3522178413038146	1.547706376836577	1.036793154937195
1999.4615384615386	1.3570984655186598	1.459008915918556	1.3570984655186598	1.2396708212352971
1999.5	1.658505687234567	1.2535897440724415	1.658505687234567	1.459008915918556
1999.5384615384614	1.650220091764723	0.7413881085074507	1.650220091764723	1.459008915918556
1999.576923076923	2.1605807623762754	0.5751478232320685	2.1605807623762754	1.459008915918556
1999.6153846153845	1.0999855121165028	0.5103878042565746	1.0999855121165028	1.2535897440724415
1999.6538461538462	1.081890718801677	0.5077734742001027	1.081890718801677	1.2535897440724415
1999.6923076923076	0.5945350104976629	0.4686167468468315	0.5945350104976629	0.5103878042565746
1999.7307692307693	0.2007646526009075	0.25571234333080056	0.2007646526009075	0.25571234333080056
1999.7692307692307	-0.018672400861436657	-0.05533216012965309	-0.018672400861436657	-0.05533216012965309
1999.8076923076924	-1.1510972158825101	-0.4559634909563966	-1.1510972158825101	-0.8884257692834171
1999.8461538461538	-0.6936723401071274	-0.8884257692834171	-0.6936723401071274	-0.8884257692834171
1999.8846153846155	-1.180693992752644	-1.3438233288457986	-1.180693992752644	-0.8884257692834171
1999.923076923077	-1.694514302218713	-1.7116592524561545	-1.694514302218713	-0.8884257692834171
1999.9615384615386	0.21116907545252814	-1.763552942411293	0.21116907545252814	-0.8884257692834171
2000.0	-1.1136678706198733	-1.554332319925304	-1.1136678706198733	-0.8884257692834171
2000.0384615384614	-0.5706603351302758	-1.129966686854887	-0.5706603351302758	-0.8884257692834171
2000.076923076923	-0.6107523780461794	-1.2134102207910658	-0.6107523780461794	-0.8884257692834171
2000.1153846153845	-0.5992042011550497	-1.4463625859408549	-0.5992042011550497	-0.8884257692834171
2000.1538461538462	-1.008176460200064	-1.383049567058368	-1.008176460200064	-0.8884257692834171
2000.1923076923076	-0.9018045633014548	-1.0120512798905523	-0.9018045633014548	-0.8884257692834171
2000.2307692307693	-1.4570248055212858	-0.48407652121187617	-1.4570248055212858	-1.7116592524561545
2000.2692307692307	-0.8360824381625672	0.0717615664922958	-0.8360824381625672	-1.129966686854887
2000.3076923076924	-1.3344716211572565	0.5120167234197484	-1.3344716211572565	-1.4463625859408549
2000.3461538461538	-0.041992248557859296	0.627260393429337	-0.041992248557859296	-0.48407652121187617
2000.3846153846155	-0.6118757906146094	0.9267662063420166	-0.6118757906146094	0.0717615664922958
2000.423076923077	1.0368995948950632	0.9423262795570565	1.0368995948950632	0.627260393429337
2000.4615384615386	0.42261949879940075	0.4111962865562254	0.42261949879940075	0.24402787294825745
2000.5	1.5567719080691047	0.24402787294825745	1.5567719080691047	1.495233669308113
2000.5384615384614	1.205837212452522	0.6852802578425159	1.205837212452522	1.2225305777134412
2000.576923076923	1.2454124698371543	1.495233669308113	1.2454124698371543	1.2225305777134412
2000.6153846153845	1.2492205714846836	1.8394839851202611	1.2492205714846836	1.2225305777134412
2000.6538461538462	1.0519908800864648	1.2225305777134412	1.0519908800864648	1.2225305777134412
2000.6923076923076	1.1027721396000465	0.23703689914384818	1.1027721396000465	1.2225305777134412
2000.7307692307693	0.3565173914717808	-0.1282337209060293	0.3565173914717808	0.23703689914384818
2000.7692307692307	-0.21621643990839087	-0.007943139134877882	-0.21621643990839087	-0.1282337209060293
2000.8076923076924	-0.3682985266768245	-0.0024653377190369933	-0.3682985266768245	-0.1282337209060293
2000.8461538461538	0.08648378913171437	-0.07810212079974971	0.08648378913171437	-0.0024653377190369933
2000.8846153846155	-0.7486460686207141	-0.348559118906491	-0.7486460686207141	-0.348559118906491
2000.923076923077	-0.5860954498677036	-0.8314060280411387	-0.5860954498677036	-0.348559118906491
2000.9615384615386	-0.754103003188343	-1.3473953083678074	-0.754103003188343	-0.348559118906491
2001.0	-0.6795204076025256	-1.3167199934448217	-0.6795204076025256	-0.348559118906491
2001.0384615384614	-0.604428420263093	-0.9212730214970271	-0.604428420263093	-0.348559118906491
2001.076923076923	-0.5133948909098931	-0.8739380792712659	-0.5133948909098931	-0.348559118906491
2001.1153846153845	-0.18100374628166294	-0.9688433562102273	-0.18100374628166294	-0.348559118906491
2001.1538461538462	-0.9019947526249331	-1.0528567201340857	-0.9019947526249331	-0.8314060280411387
2001.1923076923076	-0.8279152049326144	-1.131177171286295	-0.8279152049326144	-0.8314060280411387
2001.2307692307693	-0.8218162966735468	-1.162357689093103	-0.8218162966735468	-0.8314060280411387
2001.2692307692307	0.10097231724868463	-1.2131517046606322	0.10097231724868463	-0.8314060280411387
2001.3076923076924	-1.3222927769618797	-1.1930242468781649	-1.3222927769618797	-1.3473953083678074
2001.3461538461538	-0.9410455640964313	-0.6845997670763836	-0.9410455640964313	-1.0528567201340857
2001.3846153846155	-0.5335745883110957	-0.007560373133287844	-0.5335745883110957	-0.6845997670763836
2001.423076923077	0.6700235242566257	0.7230316858876942	0.6700235242566257	0.7230316858876942
2001.4615384615386	1.4192403335541637	1.4500780808202411	1.4192403335541637	1.4500780808202411
2001.5	1.1471527589574233	2.0008262329802373	1.1471527589574233	1.4500780808202411
2001.5384615384614	2.0255265993585647	1.4573848728533807	2.0255265993585647	2.0008262329802373
2001.576923076923	1.740660518972547	0.8915267994717763	1.740660518972547	2.0008262329802373
2001.6153846153845	1.798757368896833	0.508671635074008	1.798757368896833	1.4573848728533807
2001.6538461538462	1.0361063166954232	0.3480183113502986	1.0361063166954232	0.8915267994717763
2001.6923076923076	0.3657600257656482	0.24989695466072603	0.3657600257656482	0.3480183113502986
2001.7307692307693	0.9022066169841655	0.32134095848529226	0.9022066169841655	0.5281011978624374
2001.7692307692307	-0.7206206447844538	0.5281011978624374	-0.7206206447844538	-0.1261838460610925
2001.8076923076924	-1.0918634936031757	-0.1261838460610925	-1.0918634936031757	-1.1245614943797702
2001.8461538461538	-0.6419096187731127	-1.1245614943797702	-0.6419096187731127	-1.1245614943797702
2001.8846153846155	-0.25778736666923735	-1.7956580410302234	-0.25778736666923735	-1.1245614943797702
2001.923076923077	-1.5485549541400325	-1.8468601042540183	-1.5485549541400325	-1.8468601042540183
2001.9615384615386	-0.6603842705679901	-1.3734074041110953	-0.6603842705679901	-0.891930237241495
2002.0	-0.5377638722379828	-0.891930237241495	-0.5377638722379828	-0.891930237241495
2002.0384615384614	-0.19965415779693843	-0.9029303863533412	-0.19965415779693843	-0.891930237241495
2002.076923076923	-0.9758054949349527	-1.0958632708208804	-0.9758054949349527	-0.9029303863533412
2002.1153846153845	-1.100057296423459	-1.1545999020922035	-1.100057296423459	-1.0958632708208804
2002.1538461538462	-0.8387721444843946	-0.5039866615102336	-0.8387721444843946	-1.1545999020922035
2002.1923076923076	0.5786360514689677	0.554956902818086	0.5786360514689677	-0.5039866615102336
2002.2307692307693	-1.263088868639191	0.9262615256040705	-1.263088868639191	-0.5039866615102336
2002.2692307692307	-0.10589773706841689	1.408903241372972	-0.10589773706841689	-0.5039866615102336
2002.3076923076924	0.8201315782893793	1.1741115811998204	0.8201315782893793	0.554956902818086
2002.3461538461538	-0.0445382745204172	0.9121374439023512	-0.0445382745204172	0.554956902818086
2002.3846153846155	0.378460526971053	1.4356618350855437	0.378460526971053	0.554956902818086
2002.423076923077	0.576722181185228	1.5047439390053954	0.576722181185228	0.554956902818086
2002.4615384615386	1.1201994440118037	0.7405043506033046	1.1201994440118037	1.408903241372972
2002.5	1.4716867193588767	0.846721785008966	1.4716867193588767	1.4356618350855437
2002.5384615384614	1.4179842868603731	1.3383816063307226	1.4179842868603731	1.5047439390053954
2002.576923076923	1.0877173765906822	0.954350646846073	1.0877173765906822	1.3383816063307226
2002.6153846153845	1.2085741445371698	0.6613094184138796	1.2085741445371698	1.4613243717833637
2002.6538461538462	1.1647844591702008	1.0155683289246165	1.1647844591702008	1.1481647560462438
2002.6923076923076	0.6825632602705083	1.4235393016984408	0.6825632602705083	0.7903173117666533
2002.7307692307693	0.6231968069633771	1.4613243717833637	0.6231968069633771	0.7903173117666533
2002.7692307692307	0.5311077457153603	1.3660145369559407	0.5311077457153603	0.7903173117666533
2002.8076923076924	0.7589737862011312	1.206918715758788	0.7589737862011312	0.7903173117666533
2002.8461538461538	0.1488040448011152	1.1481647560462438	0.1488040448011152	0.01577810913696515
2002.8846153846155	-0.11585119296634537	0.7903173117666533	-0.11585119296634537	-0.1811359516391288
2002.923076923077	0.23388625391620124	0.01577810913696515	0.23388625391620124	0.1370242918363773
2002.9615384615386	-1.3779630629345445	-0.1811359516391288	-1.3779630629345445	-0.14196460563034927
2003.0	-0.16572973681747233	0.1370242918363773	-0.16572973681747233	-0.14196460563034927
2003.0384615384614	0.01116931842131277	0.3309383694881384	0.01116931842131277	-0.14196460563034927
2003.076923076923	0.06360755586783844	-0.14196460563034927	0.06360755586783844	-0.14196460563034927
2003.1153846153845	-0.7415320802496328	-0.523700694099787	-0.7415320802496328	-0.523700694099787
2003.1538461538462	-0.029956218438103966	0.005436168139035649	-0.029956218438103966	-0.523700694099787
2003.1923076923076	-1.5152884806317388	0.29925101545304117	-1.5152884806317388	-0.523700694099787
2003.2307692307693	-1.2356827164373787	0.7567755120733245	-1.2356827164373787	-0.523700694099787
2003.2692307692307	-0.4006941183430055	0.6579616940931982	-0.4006941183430055	-0.523700694099787
2003.3076923076924	-0.2837366465080222	0.8967634856286057	-0.2837366465080222	-0.523700694099787
2003.3461538461538	0.04660793541517921	1.0860635807246901	0.04660793541517921	0.005436168139035649
2003.3846153846155	0.5024300678188321	1.098630797220902	0.5024300678188321	0.7567755120733245
2003.423076923077	0.9570535295651269	0.8828833610431169	0.9570535295651269	0.8967634856286057
2003.4615384615386	1.0102420352981827	0.6896219881114223	1.0102420352981827	1.0860635807246901
2003.5	1.8404315363925658	0.520222573903402	1.8404315363925658	1.098630797220902
2003.5384615384614	1.6943398610813483	-0.4037728950774412	1.6943398610813483	1.098630797220902
2003.576923076923	1.8729772138731569	-0.582796624698069	1.8729772138731569	1.098630797220902
2003.6153846153845	1.479640538220907	0.11169624337730025	1.479640538220907	1.098630797220902
2003.6538461538462	0.6944023599113401	1.099545498695733	0.6944023599113401	0.8828833610431169
2003.6923076923076	0.34321744213149374	1.9312579208273415	0.34321744213149374	0.520222573903402
2003.7307692307693	1.6773315784536238	2.0175147225212875	1.6773315784536238	0.520222573903402
2003.7692307692307	-0.231836892460534	1.339716542017075	-0.231836892460534	-0.4037728950774412
2003.8076923076924	0.04257395878830531	0.22008457068807596	0.04257395878830531	-0.4037728950774412
2003.8461538461538	-0.3354194958125098	-0.2801921994980448	-0.3354194958125098	-0.4037728950774412
2003.8846153846155	-0.6546814589785473	-0.18781596827868827	-0.6546814589785473	-0.582796624698069
2003.923076923077	-1.0441113158866433	-0.40395692370090786	-1.0441113158866433	-0.582796624698069
2003.9615384615386	-0.3099667598847756	-0.6600909175984865	-0.3099667598847756	-0.582796624698069
2004.0	-1.9276506647904235	-0.8284755407266923	-1.9276506647904235	-0.582796624698069
2004.0384615384614	-0.1759402815376679	-0.8252921325375011	-0.1759402815376679	-0.582796624698069
2004.076923076923	-0.7561550311873992	-0.6446491838822701	-0.7561550311873992	-0.582796624698069
2004.1153846153845	-0.6361598567631928	-0.5341883795649769	-0.6361598567631928	-0.582796624698069
2004.1538461538462	-0.8376441691621271	-0.7552064848991562	-0.8376441691621271	-0.582796624698069
2004.1923076923076	-1.9692635604428321	-0.8502409177114852	-1.9692635604428321	-0.582796624698069
2004.2307692307693	-0.6483605983150963	-0.4946074889694967	-0.6483605983150963	-0.582796624698069
2004.2692307692307	-0.12172590886616654	0.12716446551734506	-0.12172590886616654	0.11169624337730025
2004.3076923076924	0.45801244476066794	0.8105629071708025	0.45801244476066794	0.11169624337730025
2004.3461538461538	1.0231432777789786	0.7985494776330506	1.0231432777789786	1.099545498695733
2004.3846153846155	1.0594960253491632	0.6155292480909333	1.0594960253491632	1.099545498695733
2004.423076923077	1.1400902291065287	0.9955581724888358	1.1400902291065287	1.099545498695733
2004.4615384615386	1.6978930317115237	1.6318107664540211	1.6978930317115237	1.9312579208273415
2004.5	1.6400663863315688	1.2934349743846751	1.6400663863315688	1.9312579208273415
2004.5384615384614	1.5506056121977096	0.4718863343811906	1.5506056121977096	1.9312579208273415
2004.576923076923	1.6131434435621168	-0.11139539190611215	1.6131434435621168	1.9312579208273415
2004.6153846153845	2.0884803533094347	-0.6909444844682533	2.0884803533094347	2.0175147225212875
2004.6538461538462	0.9484413124405943	-0.9203204048944433	0.9484413124405943	1.339716542017075
2004.6923076923076	0.4307248220879855	-0.7632188614900364	0.4307248220879855	0.22008457068807596
2004.7307692307693	0.37860726040107734	-0.3977971025958486	0.37860726040107734	0.22008457068807596
2004.7692307692307	-0.07985971644763169	-0.15969970113308268	-0.07985971644763169	-0.2801921994980448
2004.8076923076924	-0.4121098226126059	-0.2796613482882905	-0.4121098226126059	-0.2801921994980448
2004.8461538461538	-0.5649551610203125	-0.9666959916920826	-0.5649551610203125	-0.2801921994980448
2004.8846153846155	-0.6294527484978302	-1.4564868953290535	-0.6294527484978302	-0.2801921994980448
2004.923076923077	-1.1929440323924057	-1.2823355039493143	-1.1929440323924057	-0.2801921994980448
2004.9615384615386	-0.09295872768034731	-0.915565237202087	-0.09295872768034731	-0.18781596827868827
2005.0	0.760571493137384	-1.107732134787552	0.760571493137384	-0.18781596827868827
2005.0384615384614	-0.44867696154560843	-1.4339373468041456	-0.44867696154560843	-0.40395692370090786
2005.076923076923	-0.7589915567355496	-1.2252501266179407	-0.7589915567355496	-0.8252921325375011
2005.1153846153845	-0.861118666300652	-1.259314098503606	-0.861118666300652	-0.8502409177114852
2005.1538461538462	-0.8756583807362713	-1.6488462183853314	-0.8756583807362713	-0.8502409177114852
2005.1923076923076	-1.2585339758566794	-0.819651898784859	-1.2585339758566794	-0.8502409177114852
2005.2307692307693	-1.261967275492298	0.024521663776200193	-1.261967275492298	-0.8502409177114852
2005.2692307692307	-0.17286883604445183	0.3111884089305982	-0.17286883604445183	-0.4946074889694967
2005.3076923076924	0.4687149633149807	0.5948256845883201	0.4687149633149807	0.8105629071708025
2005.3461538461538	0.4410184934551594	1.2102026107930763	0.4410184934551594	0.7985494776330506
2005.3846153846155	0.3857177576857151	1.6499835639139322	0.3857177576857151	0.6155292480909333
2005.423076923077	1.2395416523670237	1.4923317692467424	1.2395416523670237	0.9955581724888358
2005.4615384615386	1.8567499068681697	1.1515527870890234	1.8567499068681697	1.6318107664540211
2005.5	1.522338808931019	0.8924763831208843	1.522338808931019	1.6318107664540211
2005.5384615384614	1.289942209627845	0.6377735727812982	1.289942209627845	1.2934349743846751
2005.576923076923	1.1465052732866157	0.9771778505835644	1.1465052732866157	1.2934349743846751
2005.6153846153845	1.4928663139909568	0.4813487898726676	1.4928663139909568	1.2934349743846751
2005.6538461538462	1.2088920225692852	-0.2356394691262364	1.2088920225692852	1.2934349743846751
2005.6923076923076	1.2031985980633049	-0.6680645594115684	1.2031985980633049	1.2934349743846751
2005.7307692307693	0.20980119583590628	-0.9095183505017488	0.20980119583590628	0.4718863343811906
2005.7692307692307	-0.18758013685481834	-0.9643987043160414	-0.18758013685481834	-0.11139539190611215
2005.8076923076924	-0.687404141166529	-0.8263880023519592	-0.687404141166529	-0.9203204048944433
2005.8461538461538	-0.37867826341359534	-0.7396424123894352	-0.37867826341359534	-0.3977971025958486
2005.8846153846155	-0.5511429814335328	-0.09808695700826901	-0.5511429814335328	-0.3977971025958486
2005.923076923077	0.22736965785622118	0.42851850359169924	0.22736965785622118	-0.15969970113308268
2005.9615384615386	-0.26097307703953926	-0.01032367739726607	-0.26097307703953926	-0.2796613482882905
2006.0	-1.0472443405108802	-0.8731045892538325	-1.0472443405108802	-0.9666959916920826
2006.0384615384614	-1.5615045427760046	-1.252085009131636	-1.5615045427760046	-1.4564868953290535
2006.076923076923	-0.7568801017144526	-1.3236123733916156	-0.7568801017144526	-0.915565237202087
2006.1153846153845	-0.41048074995447115	-1.3592217983084658	-0.41048074995447115	-0.915565237202087
2006.1538461538462	-1.3195838432458997	-1.314458646233033	-1.3195838432458997	-1.2252501266179407
2006.1923076923076	-0.823714339740313	-1.042823754796579	-0.823714339740313	-0.819651898784859
2006.2307692307693	-0.4300716202033349	-0.3702877629991208	-0.4300716202033349	-0.819651898784859
2006.2692307692307	-0.9383901099021327	0.46383486539914287	-0.9383901099021327	-0.819651898784859
2006.3076923076924	-0.7922337802309574	1.2160398183899914	-0.7922337802309574	-0.819651898784859
2006.3461538461538	-0.3566124009413327	1.2516259743489737	-0.3566124009413327	0.024521663776200193
2006.3846153846155	0.6503114131939527	0.6199516595400869	0.6503114131939527	0.3111884089305982
2006.423076923077	1.4219459946821822	0.303696674031496	1.4219459946821822	1.2102026107930763
2006.4615384615386	1.239894744605631	0.051968688394499994	1.239894744605631	1.2102026107930763
2006.5	1.0623935565020164	-0.20374584435183318	1.0623935565020164	1.2102026107930763
2006.5384615384614	1.6785084162515314	-0.10656938096199109	1.6785084162515314	1.6499835639139322
2006.576923076923	1.3113404092476355	0.23887852582084346	1.3113404092476355	1.4923317692467424
2006.6153846153845	0.8394412239452067	1.7358764184734297	0.8394412239452067	0.8924763831208843
2006.6538461538462	1.1351589892334912	2.0432646322212578	1.1351589892334912	0.9771778505835644
2006.6923076923076	1.4908661818970312	0.9042045771643777	1.4908661818970312	0.9771778505835644
2006.7307692307693	0.020212662134153084	0.2912903285852263	0.020212662134153084	0.4813487898726676
2006.7692307692307	0.9106777908535183	-0.18262309092278226	0.9106777908535183	0.4813487898726676
2006.8076923076924	-0.8455962940423282	-0.5577914486602892	-0.8455962940423282	-0.6680645594115684
2006.8461538461538	-1.8210058978822938	-0.2865715348680818	-1.8210058978822938	-0.9643987043160414
2006.8846153846155	-0.410148197841759	0.6518611012989317	-0.410148197841759	-0.8263880023519592
2006.923076923077	-0.6350504662647108	0.9946351397992141	-0.6350504662647108	-0.8263880023519592
2006.9615384615386	-1.3952387910929258	0.6209641222726757	-1.3952387910929258	-0.8263880023519592
2007.0	-0.9926461546047373	-0.10801844010105222	-0.9926461546047373	-0.7396424123894352
2007.0384615384614	-0.948483066412543	-1.0382673222832535	-0.948483066412543	-0.09808695700826901
2007.076923076923	0.8236812506724017	-1.5009588376091831	0.8236812506724017	0.42851850359169924
2007.1153846153845	-0.45607083427608547	-1.2033562353730665	-0.45607083427608547	-0.01032367739726607
2007.1538461538462	-1.3419301182233028	-0.6375841511757948	-1.3419301182233028	-1.3236123733916156
2007.1923076923076	-1.519967896445319	-0.13620124008327925	-1.519967896445319	-1.042823754796579
2007.2307692307693	-0.13984730613707147	0.4398460918532157	-0.13984730613707147	-0.3702877629991208
2007.2692307692307	-0.4500765998867752	0.9207099203808226	-0.4500765998867752	-0.3702877629991208
2007.3076923076924	-0.5685723683659287	1.202557915840019	-0.5685723683659287	-0.3702877629991208
2007.3461538461538	-0.5339941626256608	1.0591355565049043	-0.5339941626256608	-0.3702877629991208
2007.3846153846155	0.91266750902419	1.1848141129647045	0.91266750902419	0.6199516595400869
2007.423076923077	1.0200109909537558	1.8286664279373759	1.0200109909537558	0.23887852582084346
2007.4615384615386	1.1165408493572084	2.6839423443906307	1.1165408493572084	1.7358764184734297
2007.5	1.3360138641005748	2.8823675713935595	1.3360138641005748	1.7358764184734297
2007.5384615384614	1.6573425858160333	2.088870415693634	1.6573425858160333	1.7358764184734297
2007.576923076923	1.9037563932171881	1.4078029591873675	1.9037563932171881	1.7358764184734297
2007.6153846153845	1.668063252040007	0.7994890531427516	1.668063252040007	1.7358764184734297
2007.6538461538462	1.5043953764719997	-0.38766197475112046	1.5043953764719997	2.0432646322212578
2007.6923076923076	1.1950163267211236	-1.5816465555447998	1.1950163267211236	0.9042045771643777
2007.7307692307693	-0.09558320819716572	-1.9477447172669144	-0.09558320819716572	0.2912903285852263
2007.7692307692307	-0.5379873951013191	-1.671798866041231	-0.5379873951013191	-0.5577914486602892
2007.8076923076924	-0.6007233873369915	-1.4996102907408837	-0.6007233873369915	-0.5577914486602892
2007.8461538461538	-0.9139419179145476	-1.3555720780014053	-0.9139419179145476	-0.5577914486602892
2007.8846153846155	-0.19945719212979673	-0.9665027673713038	-0.19945719212979673	0.9946351397992141
2007.923076923077	-0.7837683827500666	-1.0580311662176616	-0.7837683827500666	-1.0382673222832535
2007.9615384615386	-1.430220905065315	-1.524046737068236	-1.430220905065315	-1.5009588376091831
2008.0	-1.8896195431213187	-1.7957714208549675	-1.8896195431213187	-1.2033562353730665
2008.0384615384614	-0.010405026297575322	-1.69229800047582	-0.010405026297575322	-0.6375841511757948
2008.076923076923	-1.0352906163847353	-1.5140192436169204	-1.0352906163847353	-0.6375841511757948
2008.1153846153845	-0.513222349304428	-1.3014967271386828	-0.513222349304428	-0.6375841511757948
2008.1538461538462	-0.48717597371379534	-1.0676739620754596	-0.48717597371379534	-0.6375841511757948
2008.1923076923076	-1.658231816675381	-1.1566858723260458	-1.658231816675381	-0.6375841511757948
2008.2307692307693	-0.18392132598910713	-1.4456715106542986	-0.18392132598910713	-0.6375841511757948
2008.2692307692307	-0.7006271013634888	-1.695703882709279	-0.7006271013634888	-0.6375841511757948
2008.3076923076924	-0.4050201480552956	-1.6463651341179457	-0.4050201480552956	-0.6375841511757948
2008.3461538461538	-0.11397711483428563	-1.2519367646925037	-0.11397711483428563	-0.13620124008327925
2008.3846153846155	0.47244901740361434	-0.7382781355221121	0.47244901740361434	0.4398460918532157
2008.423076923077	0.34246729636090295	-0.0797130999837684	0.34246729636090295	0.4398460918532157
2008.4615384615386	0.9320535890210704	0.22431749576349208	0.9320535890210704	1.202557915840019
2008.5	1.7040405513329737	0.3195683118874065	1.7040405513329737	2.6839423443906307
2008.5384615384614	1.09880974914018	0.2740799185139918	1.09880974914018	1.4078029591873675
2008.576923076923	1.6795853203190234	0.4215598735619994	1.6795853203190234	1.4078029591873675
2008.6153846153845	1.044564807771893	0.28473756600063904	1.044564807771893	0.7994890531427516
2008.6538461538462	1.0660541851938552	0.1814184263818331	1.0660541851938552	0.7994890531427516
2008.6923076923076	0.5975348130091416	0.19671170715584035	0.5975348130091416	0.7994890531427516
2008.7307692307693	-0.6545767515912024	0.2498073654740948	-0.6545767515912024	-0.38766197475112046
2008.7692307692307	-0.12415282310489485	0.22835573564790398	-0.12415282310489485	-0.38766197475112046
2008.8076923076924	-1.5561027882155858	0.14467674572943198	-1.5561027882155858	-1.7957714208549675
2008.8461538461538	-1.0819746402550081	0.39434102003561217	-1.0819746402550081	-1.2519367646925037
2008.8846153846155	-1.0353340843230052	0.5659982024055475	-1.0353340843230052	-1.2519367646925037
2008.923076923077	-0.4074816654010494	0.5025333053044396	-0.4074816654010494	-0.7382781355221121
2008.9615384615386	-0.9593210168469904	0.29620124077725624	-0.9593210168469904	-0.7382781355221121
2009.0	0.853470897000051	0.011148473448691637	0.853470897000051	-0.0797130999837684
2009.0384615384614	0.019892799148172418	-0.7647822440424614	0.019892799148172418	-0.0797130999837684
2009.076923076923	-1.8659390497434276	-1.2790764586439425	-1.8659390497434276	-0.0797130999837684
2009.1153846153845	0.3899499374995732	-1.1085153192386028	0.3899499374995732	0.22431749576349208
2009.1538461538462	0.3801888610454026	-1.3584816114505627	0.3801888610454026	0.2498073654740948
2009.1923076923076	-1.6294907108425618	-0.850946162679537	-1.6294907108425618	-0.7647822440424614
2009.2307692307693	-0.9827349319444992	-0.6878994001201848	-0.9827349319444992	-0.7647822440424614
2009.2692307692307	-1.2725565186654608	0.06573701432848214	-1.2725565186654608	-1.3584816114505627
2009.3076923076924	0.7345507975371761	0.18335311630545342	0.7345507975371761	0.06573701432848214
2009.3461538461538	0.23020756879696702	1.0814039628996788	0.23020756879696702	0.18335311630545342
2009.3846153846155	0.35176382695876485	0.9552407593875379	0.35176382695876485	0.18335311630545342
2009.423076923077	1.2347302670340543	0.7827422414091865	1.2347302670340543	1.0814039628996788
2009.4615384615386	0.562130354253975	0.5160679227595322	0.562130354253975	0.7827422414091865
2009.5	2.050069376113334	1.5585658477151667	2.050069376113334	1.5585658477151667
2009.5384615384614	2.015422732025888	2.4876382209013594	2.015422732025888	2.4876382209013594
2009.576923076923	1.8859379092893216	1.7575830970190132	1.8859379092893216	1.7575830970190132
2009.6153846153845	1.1218652286626052	0.6245173720598354	1.1218652286626052	0.6245173720598354
2009.6538461538462	1.1039654249748236	0.6352722731012965	1.1039654249748236	0.6352722731012965
2009.6923076923076	0.4094192655173699	0.4274131827330128	0.4094192655173699	0.4274131827330128
2009.7307692307693	0.30122430584191745	0.20764548039995165	0.30122430584191745	0.20764548039995165
2009.7692307692307	2.086388308045153	1.732355226170048	2.086388308045153	1.732355226170048
2009.8076923076924	-0.24837106762901226	2.2543032773238934	-0.24837106762901226	0.015386749003200775
2009.8461538461538	-0.7595216031943807	0.015386749003200775	-0.7595216031943807	-1.7294640287241523
2009.8846153846155	-1.0704431130719407	-1.7294640287241523	-1.0704431130719407	-2.2034369232943223
2009.923076923077	-0.7268655393057394	-2.2034369232943223	-0.7268655393057394	-0.46638278011920714
2009.9615384615386	-0.5191162828487119	-1.6285117515880851	-0.5191162828487119	-0.46638278011920714
2010.0	-0.40283218533828913	-0.46638278011920714	-0.40283218533828913	-0.06495577906001655
2010.0384615384614	-1.2005715496146314	-0.06495577906001655	-1.2005715496146314	-0.8624978268160398
2010.076923076923	-0.5879299252901925	-0.5542834838705953	-0.5879299252901925	-0.7168587632091049
2010.1153846153845	-0.11599967342436558	-0.8624978268160398	-0.11599967342436558	-0.7168587632091049
2010.1538461538462	-1.5061769335900679	-0.7168587632091049	-1.5061769335900679	-1.8928799497219957
2010.1923076923076	-1.1864286163417428	-1.1107190172188148	-1.1864286163417428	-1.3013289774600736
2010.2307692307693	-1.3929268281681284	-1.819404123055592	-1.3929268281681284	-1.3013289774600736
2010.2692307692307	-0.7110889565613718	-2.0254097399621984	-0.7110889565613718	-0.4024636337992749
2010.3076923076924	-0.7802860023329193	-1.8928799497219957	-0.7802860023329193	-0.4024636337992749
2010.3461538461538	0.11261366126589119	-1.6625608364168658	0.11261366126589119	0.0567941545530748
2010.3846153846155	0.8440185823710618	-1.7845795363171921	0.8440185823710618	0.3667843793134327
2010.423076923077	0.9423580680934375	-1.8125850771293521	0.9423580680934375	0.3667843793134327
2010.4615384615386	0.8816120083969347	-1.3013289774600736	0.8816120083969347	0.3667843793134327
2010.5	1.2725896037039943	-0.4024636337992749	1.2725896037039943	1.50084130765409
2010.5384615384614	1.3530444561575543	0.0567941545530748	1.3530444561575543	1.50084130765409
2010.576923076923	1.7496725270313287	0.3667843793134327	1.7496725270313287	1.840757867557698
2010.6153846153845	1.744806357386571	1.50084130765409	1.744806357386571	1.840757867557698
2010.6538461538462	1.5539429705095709	1.840757867557698	1.5539429705095709	1.374777519171238
2010.6923076923076	1.4768341686773718	1.374777519171238	1.4768341686773718	1.1655880803903862
2010.7307692307693	0.040332803498207684	1.2432225608773135	0.040332803498207684	0.7175839269355931
2010.7692307692307	-0.5989805876233733	1.1655880803903862	-0.5989805876233733	0.7175839269355931
2010.8076923076924	-0.3714344544689567	1.08795359990388	-0.3714344544689567	0.7175839269355931
2010.8461538461538	-0.878708984562904	0.9519220829538104	-0.878708984562904	0.7175839269355931
2010.8846153846155	1.1566422927067999	0.7175839269355931	1.1566422927067999	0.7754542739785902
2010.923076923077	-1.1616710723801422	0.7754542739785902	-1.1616710723801422	0.7754542739785902
2010.9615384615386	-0.9912890311343993	0.8022187359016241	-0.9912890311343993	0.8022187359016241
