sample_name,depth_top,depth_avg,depth_bottom,time_top,time_avg,time_bottom,Li_7_LR_ppt,Be_9_LR_ppt,Rb_85_LR_ppt,Sr_88_LR_ppt,Y_89_LR_ppq,Mo_95_LR_ppt,Ag_107_LR_ppt,Cd_111_LR_ppt,Cs_133_LR_ppt,Ba_137_LR_ppt,La_139_LR_ppq,Ce_140_LR_ppq,Pr_141_LR_ppq,Nd_146_LR_ppq,Sm_147_LR_ppq,Eu_153_LR_ppq,Gd_157_LR_ppq,Tb_159_LR_ppq,Dy_163_LR_ppq,Ho_165_LR_ppq,Er_166_LR_ppq,Tm_169_LR_ppq,Yb_172_LR_ppq,Lu_175_LR_ppq,W_182_LR_ppt,Re_185_LR_ppt,Tl_205_LR_ppt,Pb_208_LR_ppt,Th_232_LR_ppq,U_238_LR_ppt,Al_27_MR_ppt,P_31_MR_ppt,S_32_MR_ppb,Sc_45_MR_ppq,Ti_47_MR_ppt,V_51_MR_ppt,Cr_52_MR_ppt,Mn_55_MR_ppt,Fe_56_MR_ppt,Co_59_MR_ppt,Ni_60_MR_ppt,Cu_63_MR_ppt,Zn_66_MR_ppt,Ga_69_MR_ppt,K_39_HR_ppb,As_75_HR_ppt,Ca_44_HR_ppb,Mg_24_HR_ppb,Na_23_HR_ppb,,,Zr_90_LR_ppt,Bi_209_LR_ppt,Date_Analyzed
1,0.34,0.449815984348159,0.559631968696319,2022.17893141323,2022.14703519095,2022.11513896867,17.1773,0.4631,25.7434,102.3856,13976.6107,4.7886,0.9164,2.2114,2.6033,131.9202,17599.0453,39235.7257,10566.7797,24936.864,3474.3976,817.8429,3677.7884,370.6798,2452.1671,378.6819,902.8803,121.8096,797.5183,101.0601,6.5351,3.1887,1.5807,56.8096,5055.4089,1.1406,11260.748,5218.0851,19.2741,35248.3738,261.6559,20.7025,41.3112,283.3193,8210.3954,6.2471,76.2002,132.6895,693.0166,3.6308,8.555,8.3564,14.9046,10.9887,14.4298,,,937.0299,4269.0403,04-18-2023
2,0.559631968696319,0.660708291077869,0.76178461345942,2022.11513896867,2022.08578119471,2022.05642342075,8.9146,0.1482,6.3298,43.0626,2245.1454,4.9232,1.0367,1.5856,1.1352,36.9742,3557.3235,8501.9325,1350.919,3915.4317,805.7865,194.998,1037.6131,96.2849,511.9684,83.1513,184.8549,35.9208,157.4029,24.2451,2.4168,2.678,0.9994,21.5444,8244.2417,0.3887,3099.7187,11299.3267,11.3442,30333.1802,88.4148,6.4924,10.3123,96.9875,2120.8718,1.8177,16.1206,35.7509,468.7816,1.0195,2.1702,5.176,5.5779,6.7592,10.0975,,,161.1416,1477.3671,04-18-2023
3,0.76178461345942,0.856999490909858,0.952214368360296,2022.05642342075,2022.02876811252,2022.0011128043,9.6844,0.2038,4.939,34.7058,1696.8883,1.3292,0.9032,0.7091,1.1076,28.3167,2749.8738,5931.822,886.2269,3046.9699,470.935,154.1649,570.4636,67.9699,406.495,73.1444,136.0749,17.465,121.1186,15.596,2.1491,3.0174,0.8595,13.6686,3470.3377,0.3636,3681.3136,14957.6916,6.6165,14445.6858,80.9461,4.8687,6.8284,66.4953,2228.6755,1.5731,8.5599,20.4559,3817.3201,0.9728,1.538,3.6481,3.8301,11.3179,13.8297,,,47.5413,1025.7871,04-18-2023
4,0.952214368360296,1.06422253457251,1.17623070078473,2022.0011128043,2021.96857985941,2021.93604691453,21.971,0.2038,238.2477,79.3652,3449.0782,21.607,0.819,8.4432,2.0964,67.449,3509.8482,7964.502,1789.5864,5135.1109,845.3602,247.3,1091.1221,138.2361,802.4879,139.1294,375.3238,49.25,298.948,44.167,15.8459,5.6711,2.1753,53.0394,2999.7939,1.2479,6387.7881,6677.9507,21.5189,10374.5154,78.0713,8.9055,612.0763,1103.3973,5021.4606,45.417,1879.2493,1651.0376,6884.9103,1.2627,192.6889,3.6481,20.3065,12.7549,189.7427,,,760.2606,1877.9372,04-18-2023
5,1.17623070078473,1.27698103657762,1.37773137237051,2021.93604691453,2021.90678382387,2021.87752073322,2.2576,0.2408,15.7207,23.3024,1116.5102,3.1399,1.0777,2.1796,0.4854,21.3619,742.8798,1791.103,456.3242,1090.3347,189.6606,84.4555,364.6026,41.5579,198.7819,43.8958,85.7702,6.9554,116.2807,14.0234,3.6727,3.0531,1.042,16.8769,1510.6882,0.3578,2886.8224,5873.2496,7.9894,5955.806,37.3455,1.8987,72.3919,169.8942,962.6027,4.6977,158.1234,178.4006,1205.4623,0.5061,9.5548,0.7483,5.9976,7.7549,14.1135,,,174.1608,754.7738,04-18-2023
6,1.37773137237051,1.47881137970914,1.57989138704778,2021.87752073322,2021.84816188896,2021.8188030447,2.6939,0.2655,25.1253,20.3857,1131.6971,4.8906,1.9599,1.7764,0.5617,26.9837,1124.9805,2614.2538,594.4402,1775.212,294.6557,98.4083,400.8629,58.9781,270.0893,53.6462,153.101,28.4872,124.7471,24.2451,29.1841,3.1786,1.0435,17.6709,662.9707,0.4331,3940.2544,5969.3099,7.517,3969.8692,42.2777,2.7083,137.0152,162.1383,1876.6646,7.7043,254.063,286.5204,1228.2845,0.6854,19.2783,1.2331,4.8848,8.1512,23.6628,,,212.0696,834.3967,04-18-2023
7,1.57989138704778,1.68974635710867,1.79960132716957,2021.8188030447,2021.78689549896,2021.75498795322,3.7513,0.1112,19.6105,37.0861,7041.5275,80.0951,2.8655,1.377,0.9157,79.3756,1746.8821,3774.1517,534.2462,1714.0754,482.819,553.2518,508.1574,55.9862,323.823,64.1687,156.1967,25.9239,144.0987,17.6928,43.9008,3.2058,1.1735,15.3789,1250.8822,0.4211,4181.3907,3651.5175,11.0569,7246.6649,64.4021,3.0013,19.3574,86.4654,1921.0682,1.7641,25.1508,84.4186,1267.3906,0.8991,11.4352,1.7149,8.1456,11.2588,11.4044,,,321.6452,5847.1607,04-18-2023
8,1.79960132716957,1.89576957666072,1.99193782615187,2021.75498795322,2021.72705573661,2021.69912352,8.9298,0.4446,13.124,38.7162,4996.6579,3.341,0.8378,1.2817,1.9848,72.5643,5313.3901,11307.8607,1604.5522,6015.7197,1178.3102,322.0469,1409.5146,192.1955,1001.0784,196.1079,476.0105,67.7135,394.4724,57.796,58.8946,3.4474,1.2365,24.1653,4443.0506,1.9523,7134.0161,8859.4895,16.5771,29191.2666,181.6656,11.7574,21.3793,354.8659,6230.7985,21.6345,99.0451,61.8757,400.5265,2.1814,2.8387,11.3185,6.0661,8.6453,5.1037,,,70.6672,1448.1303,04-18-2023
9,1.99193782615187,2.10317706519503,2.21441630423818,2021.69912352,2021.6668139112,2021.6345043024,10.1753,0.4261,12.2383,29.2319,7825.2066,3.0758,2.2164,1.2145,1.8888,121.3335,6739.3988,14836.1676,2187.9178,7861.0767,1654.2049,445.1186,1861.04,253.5051,1489.2171,275.7245,783.5421,103.0974,573.5837,75.8832,34.3345,2.3532,2.0223,37.1926,4563.0551,1.5082,8823.022,11019.7109,25.1018,29290.5634,188.682,12.9478,18.2944,330.9375,7335.4456,23.1484,20.317,75.8429,339.6402,1.9431,3.1748,14.2807,4.089,8.3739,2.881,,,43.9794,2274.5236,04-18-2023
10,2.21441630423818,2.32528016732324,2.43614403040829,2021.6345043024,2021.60230372212,2021.57010314185,1.2215,0.1112,2.5528,6.3312,583.4618,1.5657,0.4047,0.4653,0.305,10.3369,429.7192,703.5727,229.7511,651.8017,167.8733,46.6141,220.944,35.566,203.9373,31.3263,66.4223,6.1864,82.4154,4.0638,4.1991,2.277,0.8385,7.9298,2571.7221,0.6328,1407.8334,8704.9335,6.3144,9580.1406,35.8517,0.9572,13.7558,25.9305,480.0862,1.352,8.0022,33.472,797.4965,0.2653,2.0835,1.4967,1.3764,5.5345,3.8156,,,148.8559,422.425,04-18-2023
11,2.43614403040829,2.54280061798297,2.64945720555764,2021.57010314185,2021.53912457124,2021.50814600064,2.3091,0.0371,10.2105,18.2338,10074.6212,2.2411,0.7961,2.6005,0.8731,35.0209,7430.818,18303.4671,3102.0264,10935.1185,2546.5941,610.5515,2342.0162,366.3186,2127.3577,367.3898,941.6071,117.7159,732.1703,98.4313,5.6074,2.8839,2.1965,35.8289,1749.6574,2.7059,3488.1045,7436.178,18.0259,12608.6943,59.0753,2.639,9.5066,88.7954,2407.0885,2.0538,5.2046,84.4876,469.9417,0.7075,5.0119,5.176,2.5349,7.4388,3.3768,,,100.7374,2432.7048,04-18-2023
12,2.64945720555764,2.76042807682659,2.87139894809554,2021.50814600064,2021.47591433967,2021.4436826787,5.8844,0.2779,10.2694,39.6565,6729.1953,2.2906,0.9863,1.7198,1.3788,52.8784,4723.7803,10871.9178,1734.3096,6578.4633,1420.2684,380.3372,1715.7223,261.4026,1317.5606,245.9347,668.9249,84.1289,579.6311,74.8322,4.0642,1.6283,1.4456,27.2892,4825.4313,5.1962,4835.4137,5037.7443,28.0332,18367.911,102.0276,5.0409,7.7049,169.2252,2745.4333,4.8694,9.2239,53.4995,434.7672,1.1325,3.9078,8.3876,4.6298,6.5661,3.0884,,,66.006,1630.9293,04-18-2023
13,2.87139894809554,2.99135518754591,3.11131142699627,2021.4436826787,2021.40884120366,2021.37399972863,5.4814,0.2408,9.9105,26.7145,2478.7204,3.021,0.76,1.1755,1.0386,48.7167,2246.1534,4891.6864,730.0883,2657.4789,637.3902,177.5557,705.2731,100.3739,490.2105,109.5833,315.6702,32.3322,191.2683,31.3217,3.5424,1.5618,0.9983,25.3702,3749.3335,1.312,3485.0928,9148.006,22.5553,15736.5447,134.8366,4.9246,9.3605,77.1472,2064.0761,2.277,16.4304,64.1436,1416.2048,0.9507,4.7611,7.5145,2.9682,6.3048,7.084,,,129.8118,2472.8397,04-18-2023
14,3.11131142699627,3.21462985308477,3.31794827917327,2021.37399972863,2021.34399073218,2021.31398173574,2.9605,0.4446,8.431,16.1967,3443.8497,4.0164,0.7182,2.1654,0.9372,20.4681,1845.0899,4711.7345,890.8775,3038.2785,740.4245,207.9503,720.8281,123.7941,672.1674,112.6641,316.4364,47.4557,269.8842,43.9023,3.5911,1.3289,1.6099,22.4397,2903.1548,2.6823,2319.3595,3745.6754,23.9412,12410.1006,47.0971,2.1582,5.4937,67.7658,1106.0469,1.279,10.2774,62.2091,560.5845,0.4496,5.5939,4.0847,2.4509,6.9608,4.8254,,,145.4499,1375.9196,04-18-2023
15,3.31794827917327,3.42061479785862,3.52328131654398,2021.31398173574,2021.2841620868,2021.25434243787,7.2207,0.3705,11.8422,33.0097,4040.4553,2.6565,1.3533,1.331,1.5495,65.5331,3975.5322,8709.1767,1142.3312,4521.7197,1005.9328,292.1451,1092.8505,169.2979,915.2243,161.9495,415.5985,55.4071,279.5721,46.5233,3.189,2.8567,1.1802,18.539,3920.9099,1.1558,5563.3741,7871.0377,17.7444,20850.332,139.5687,7.8231,11.1515,213.294,3714.9029,6.0411,26.0893,32.7166,344.5638,1.4223,3.8431,7.5145,4.3922,10.6336,4.3288,,,137.3853,1879.1049,04-18-2023
16,3.52328131654398,3.62105135641389,3.71882139628381,2021.25434243787,2021.22594497877,2021.19754751968,7.7843,0.3335,13.5419,55.7195,4252.7911,3.0928,0.7254,1.2992,1.6325,69.5457,7322.1275,13360.1519,1831.175,6532.9816,1384.6164,273.6924,1278.0062,167.1092,1006.2544,166.3181,452.731,62.5818,382.4139,53.8646,2.2536,2.6352,1.0083,22.7813,6034.9092,1.6372,4580.499,8250.8753,20.0115,23332.753,123.532,8.541,9.812,343.2869,3712.9183,8.4232,15.3769,24.8046,306.5314,1.3339,3.2941,7.3586,8.2663,7.0184,4.9333,,,42.251,1479.09,04-18-2023
17,3.71882139628381,3.80514506586054,3.89146873543727,2021.19754751968,2021.17247467651,2021.14740183334,11.5332,0.5558,17.7036,159.8315,8307.4482,2.838,0.8509,1.727,2.1007,112.9759,13372.4848,30875.6543,3348.5815,12672.2866,2609.8566,607.5549,2738.2697,323.548,1687.8179,310.6345,826.9202,113.0943,727.3324,88.9853,3.5439,2.6881,1.1826,36.6339,7348.6123,1.3039,8935.914,5982.8053,20.8456,33609.976,183.5807,14.3236,33.3802,413.2188,6056.682,7.4768,39.8981,57.1552,350.125,2.5548,5.0242,9.9154,21.4945,11.9889,7.1107,,,80.1755,3064.222,04-18-2023
18,3.89146873543727,3.97923377912352,4.06699882280978,2021.14740183334,2021.12191034084,2021.09641884834,12.891,0.8522,18.49,293.4856,10981.1746,3.6127,11.9475,2.8727,2.3835,123.5912,16303.6806,34108.1857,4153.2557,15952.9154,3287.9971,785.945,3321.3727,420.0003,2201.8162,412.8352,1016.77,114.8963,882.2421,127.0154,2.9466,2.7492,1.5518,80.9804,11380.3963,1.3209,9848.7859,7288.4461,31.052,48603.7988,187.5039,20.6798,31.4398,397.4789,6258.7962,7.3094,33.6867,43.9386,437.7633,2.658,4.6434,16.0892,34.3597,11.9733,40.9676,,,36.5934,7486.3477,04-18-2023
19,4.06699882280978,4.16230706886834,4.2576153149269,2021.09641884834,2021.06873642106,2021.04105399377,3.9391,0.1482,5.554,52.5977,1801.0728,1.7877,0.8055,0.801,0.8986,33.6323,2596.0549,5934.2238,684.4568,2694.1818,676.9838,154.6627,573.7993,73.6923,465.3944,75.194,198.0037,20.0283,181.5925,25.8177,2.246,2.186,0.7623,13.4283,8199.1912,0.506,2597.9598,5272.7717,7.1573,32468.0623,63.3593,3.8154,21.6382,90.5473,1533.0939,1.8885,17.6964,18.1737,164.3286,0.6633,2.5133,3.6169,6.0577,6.2642,8.2891,,,30.7791,932.3929,04-18-2023
20,4.2576153149269,4.34264655494137,4.42767779495584,2021.04105399377,2021.01635653877,2020.99165908377,29.1164,1.1856,44.958,80.4254,16329.551,3.4037,0.6686,0.6137,6.537,215.3092,22674.072,48814.4499,6191.3596,23179.7478,4945.6564,1109.8569,5037.8608,649.4902,3613.7799,578.4839,1639.6499,224.7058,1309.6469,194.1747,4.533,2.8762,1.4227,42.1974,11643.8041,2.4124,23541.2015,5607.8299,4.2124,67718.4406,585.6473,35.2446,46.9576,288.1537,17046.6213,9.522,55.2004,55.6363,268.6936,6.3846,7.635,19.4255,5.399,13.6635,7.8561,,,93.5092,2627.5294,04-18-2023
21,4.42767779495584,4.5282868903545,4.62889598575315,2020.99165908377,2020.9624370166,2020.93321494944,2.2305,0.0741,1.9283,16.7996,635.1096,1.584,1.1567,0.2074,0.3743,14.4192,722.1071,1138.4936,237.84,664.0012,175.796,60.0592,240.0075,34.7493,142.9819,25.1698,66.4223,9.0061,54.5974,6.4226,2.2642,2.1063,0.6417,4.5195,14637.4205,0.3355,1503.6651,1678.6734,4.937,47213.6431,41.5731,1.2837,17.4669,35.2704,637.7555,1.5108,34.1572,18.0712,294.4686,0.2457,1.8186,1.0601,6.4059,6.5471,7.9821,,,43.6393,359.979,04-18-2023
22,4.62889598575315,4.7282121742557,4.82752836275825,2020.93321494944,2020.90436840909,2020.87552186873,3.221,0.0926,3.6695,25.3565,1007.5741,1.5787,0.5964,0.4935,0.7102,20.9091,1656.8101,3654.0631,462.5343,1596.968,411.5151,100.3796,440.6317,56.8002,243.207,47.2306,85.7702,13.3637,94.5223,9.8299,1.7755,2.0032,0.7541,9.7162,2512.5891,0.5284,1950.1094,5881.4708,8.557,6452.2902,56.116,2.6837,17.4336,60.8766,1242.2696,1.4164,14.7129,10.6512,385.0715,0.4717,1.7631,2.8998,3.4156,6.1045,14.7672,,,15.5141,842.9938,04-18-2023
23,4.82752836275825,4.92758671343499,5.02764506411174,2020.87552186873,2020.84645976622,2020.81739766372,11.3634,0.2964,12.7937,36.552,4345.7164,2.5859,1.5353,2.1159,2.7286,65.6912,4756.7717,10219.6387,1297.5551,4928.8903,1081.2773,309.0897,1201.7869,172.0202,1013.507,162.224,450.417,63.6071,383.6234,47.0474,2.1785,2.3154,0.8981,22.2093,5594.3104,4.5741,5429.3254,10750.5671,8.8721,24871.854,234.3287,9.4758,29.1859,115.0347,4630.5299,3.2684,25.9476,26.4778,281.7867,1.8277,2.4604,11.3185,6.4482,7.1393,5.6176,,,1047.3246,1858.4536,04-18-2023
24,5.02764506411174,5.10910339525029,5.19056172638885,2020.81739766372,2020.79373796562,2020.77007826751,2.8211,0.2376,2.8559,17.8118,800.0723,2.0634,2.9268,0.4935,0.3805,16.9259,1014.5319,2261.9089,340.5589,1271.9471,356.0762,84.4505,291.84,54.3528,215.3018,21.835,80.3528,14.1327,101.767,5.6364,2.3306,2.2395,0.6919,9.731,6784.6234,0.8628,1992.9057,8871.5751,9.3908,17126.7005,43.2641,1.4447,18.7993,42.5267,851.9943,1.2318,19.3785,27.7109,811.0307,0.3857,2.4517,2.3385,2.8653,6.2946,9.4079,,,249.22,691.1945,04-18-2023
25,5.19056172638885,5.29219572134599,5.39382971630312,2020.77007826751,2020.74055851669,2020.71103876587,4.1481,0.2532,3.5429,15.7448,556.5345,16.6156,1.4661,6.031,0.4946,22.7259,543.1254,1055.8271,182.2718,665.8337,209.4673,52.5925,196.7474,30.1214,136.7727,24.1437,54.0396,6.9554,30.4079,6.9468,2.6906,1.9864,0.6301,24.0472,1537.3059,0.9373,1231.5211,4678.2942,8.1071,3076.1976,45.0115,4.1529,21.3883,46.5295,717.4012,1.5215,27.5417,83.1482,451.6154,0.2899,3.2587,1.559,4.5459,4.5895,9.6059,,,150.0862,1879.1049,04-18-2023
26,5.39382971630312,5.48930317656773,5.58477663683234,2020.71103876587,2020.68330835187,2020.65557793786,2.6878,0.1297,1.6595,16.2686,728.4512,1.6702,1.1142,0.483,0.442,16.3662,756.9602,1595.0777,266.3729,824.7925,211.448,73.9971,284.8921,22.7711,171.9099,34.9176,102.0225,14.389,79.9964,5.8985,1.8546,1.9808,0.7463,8.4864,1315.7963,1.0664,2136.6942,3911.4677,16.6601,3721.6271,46.7026,1.4671,14.3223,49.9925,594.8785,1.2275,15.2884,21.2454,167.4462,0.3267,1.4611,1.8397,2.4002,6.7133,13.5146,,,42.0452,355.3828,04-18-2023
27,5.58477663683234,5.67738831841617,5.77,2020.65557793786,2020.6286787319,2020.60177952593,10.0299,0.352,11.5379,24.8799,3121.2381,2.7559,0.8055,0.9352,1.8908,44.1099,3277.0469,5801.0926,812.3478,2992.8841,722.5787,234.8454,828.0708,114.5355,691.8281,129.8562,307.931,52.0722,302.5643,42.0703,2.3291,2.0641,0.7342,9.6406,1849.6321,3.9069,4841.9024,11514.6036,7.5059,13303.7721,149.7994,7.6665,22.0037,81.4324,4577.6576,2.1804,31.5167,45.4947,391.3683,1.442,4.6123,7.9822,2.6723,5.3348,8.1186,,,117.9184,1801.1476,04-18-2023
28,5.77,5.90722374744317,6.04444749488633,2020.60177952593,2020.56192267653,2020.52206582712,3.9299,0.1667,4.9065,11.4235,1649.5716,2.2031,0.5614,0.6207,0.5911,23.5322,1756.1358,3780.4254,506.597,2073.827,516.53,116.8064,738.1286,64.9672,394.087,72.3774,164.7098,22.3353,142.8892,24.772,5.47,2.1332,0.6841,11.1087,2976.4369,1.1126,2064.8851,8964.0811,12.2301,13849.9048,55.8623,2.1559,18.8924,145.9988,14824.5467,6.2471,45.449,69.2571,351.4266,0.4176,3.3183,3.3987,2.3588,4.4679,6.4018,,,82.2445,668.8548,04-18-2023
29,6.04444749488633,6.13752571606653,6.23060393724672,2020.52206582712,2020.49503111401,2020.4679964009,10.4937,0.4261,12.2559,25.6219,3414.3471,1.584,1.1619,0.5041,2.021,68.7524,4163.131,8943.6146,1114.3812,4133.782,952.4944,317.542,968.2726,143.6916,789.088,147.5818,377.6223,52.5823,335.2081,38.3983,2.1435,2.4932,0.8011,10.0609,4153.2663,1.8089,5416.4276,8132.3722,13.0437,21247.5194,284.127,8.7467,23.0004,152.7572,4510.1741,4.5947,26.1513,29.135,307.3569,1.6729,2.4046,8.98,2.6831,7.6761,4.0363,,,41.5159,503.227,04-18-2023
30,6.23060393724672,6.31454001179175,6.39847608633678,2020.4679964009,2020.4436170384,2020.4192376759,6.0055,0.3396,11.3362,13.8863,1402.5698,1.8361,0.6284,0.7833,0.8493,26.0519,2027.4547,4297.8634,543.2249,2026.7049,468.9742,163.115,511.4931,62.5253,338.2973,51.0836,104.3442,20.0283,124.7471,16.6444,2.2956,2.2929,0.6437,10.1416,3439.5194,0.8264,2355.1009,9155.8875,11.0019,14693.9279,82.1861,3.017,29.1168,94.191,1590.0105,2.5216,50.3024,45.9503,326.9117,0.5675,7.3894,4.1158,2.3152,5.0283,8.7464,,,69.6734,567.9796,04-18-2023
31,6.39847608633678,6.49749905062899,6.59652201492121,2020.4192376759,2020.39047630296,2020.36171493003,6.1176,0.2902,13.0943,23.0973,1743.312,2.1339,0.7776,1.3487,0.8631,40.4217,2117.1566,4091.5155,575.2116,2063.4427,441.225,148.1865,461.4234,75.3175,360.9955,70.0687,201.8579,20.2846,157.415,21.3621,1.5712,2.4019,1.3434,16.1769,2009.53,0.8118,3594.1878,8361.5904,15.9045,8537.5238,74.8583,3.6499,24.5814,85.6236,1586.353,2.38,29.1525,78.4056,534.9344,0.6854,8.4462,6.3608,3.9744,7.4753,9.1617,,,107.6779,1211.4652,04-18-2023
32,6.59652201492121,6.68998806976424,6.78345412460727,2020.36171493003,2020.33456757003,2020.30742021003,9.9632,0.4631,13.8434,45.2186,4608.0006,1.8622,0.6667,0.6702,1.9618,81.5167,5765.0824,10978.3111,1454.602,5767.6651,1267.6779,394.7729,1386.9945,190.8207,975.2705,181.4683,489.9642,43.0981,383.6355,47.3095,1.9195,2.8254,1.1339,15.5648,3500.2994,1.4023,7053.9442,7158.953,14.0747,21892.9488,162.292,10.5338,25.8746,362.8923,4610.3599,8.4661,31.225,28.6945,388.3972,1.7515,3.2317,9.4477,4.9165,8.6145,16.0167,,,55.8191,1443.5456,04-18-2023
33,6.78345412460727,6.87550233839178,6.96755055217628,2020.30742021003,2020.28068466416,2020.25394911829,11.8605,0.3705,13.6875,70.912,6022.5134,7.3875,1.2131,1.5467,1.8023,87.9236,9409.7918,19214.5245,2247.2065,8290.9533,1731.5301,405.2562,1783.0925,238.5187,1125.2207,222.8298,576.7359,58.9906,487.6988,61.2111,5.7464,2.8097,1.2547,35.963,5096.134,1.0094,7876.2951,8116.6601,16.2064,34007.1633,238.9805,13.7867,30.2155,270.5481,7088.6272,6.1012,37.0177,49.7925,335.3724,2.4344,3.2422,9.1047,9.4841,9.5066,6.0966,,,80.7518,3300.3834,04-18-2023
34,6.96755055217628,7.04958585570057,7.13162115922486,2020.25394911829,2020.23012183767,2020.20629455704,13.2305,0.5743,15.184,121.5122,7041.107,2.5284,1.1864,1.6455,2.1072,99.707,11781.6968,23823.1326,2906.3858,11207.6593,2029.0064,553.7546,2025.4731,288.1305,1452.9952,273.4209,624.7575,80.5275,590.5406,76.9316,2.102,3.212,1.4542,44.5023,9907.1864,1.233,10192.2846,8860.2497,22.4323,41801.9653,252.2622,15.0535,34.251,254.063,6765.9951,5.8802,34.6614,47.8435,459.7799,2.7808,3.4766,10.6637,15.6057,13.2994,6.6053,,,100.71,5480.2805,04-18-2023
35,7.13162115922486,7.22450136396287,7.31738156870089,2020.20629455704,2020.17931735811,2020.15234015918,5.3208,0.2779,3.2621,57.6231,1706.8511,1.5187,0.5957,0.8292,0.6536,27.5275,2071.5468,4503.8103,642.8528,2133.2708,415.4566,115.8158,402.5393,55.989,330.0012,66.4723,160.8557,19.2619,144.0987,21.6242,1.4546,2.5138,0.9314,16.1055,4274.0278,0.4627,9294.0194,11041.4743,16.3484,17077.0521,52.8185,3.7595,18.7636,81.4046,1095.8584,2.3435,18.4578,16.9042,7295.7657,1.3093,1.6548,3.9599,7.1987,19.6526,24.4118,,,22.0862,1898.5713,04-18-2023
36,7.31738156870089,7.40253380638122,7.48768604406155,2020.15234015918,2020.12760756022,2020.10287496126,3.5634,0.1482,2.4197,15.7827,998.8642,1.2718,0.5633,0.3593,0.6591,19.6338,1429.2501,2696.1459,431.1739,1614.3858,387.7471,93.4106,284.9785,39.3773,220.4675,43.3854,110.5356,7.2118,78.787,13.2371,1.6178,2.0331,0.6852,7.1249,2839.9043,0.3833,2158.6141,4788.5506,11.653,8636.8207,55.1577,2.3572,16.6207,37.5983,1849.5724,1.5537,15.5451,22.3016,1456.1432,0.5159,1.242,1.8708,2.1188,5.7362,7.6071,,,41.178,1242.4134,04-18-2023
37,7.48768604406155,7.57451179456521,7.66133754506887,2020.10287496126,2020.07765628791,2020.05243761456,3.4179,0.0741,1.0905,10.4947,277.0647,2.4749,1.0202,0.2851,0.3602,11.725,361.1862,742.5278,132.0083,325.2625,138.1633,43.6274,129.3254,20.5932,86.1488,14.3959,23.8568,2.0851,40.0837,1.1807,1.8581,2.4518,0.6836,3.8858,1164.2247,0.223,2846.6128,7540.8247,8.2809,6303.3449,44.2506,2.5719,130.6911,30.6254,1266.0614,1.1996,18.2896,9.9064,253.172,0.4889,1.0466,2.1826,1.5423,9.6978,5.1684,,,40.5742,401.2414,04-18-2023
38,7.66133754506887,7.75038980724126,7.83944206941364,2020.05243761456,2020.02657224746,2020.00070688036,10.1935,0.4076,8.3093,11.0997,1029.6847,2.2907,0.5332,0.3876,0.9905,31.0219,3632.9523,9097.6974,1300.3144,4894.0024,1120.9303,66.5353,814.3305,78.8566,355.8504,41.8462,106.666,13.1074,102.9765,11.4025,2.1679,2.2761,0.7828,4.7229,3941.7716,3.9851,4181.8866,6074.2879,4.4908,18814.7468,225.4776,6.2441,27.199,63.5227,3879.6609,1.6868,17.6256,11.5466,175.7771,1.5059,1.7537,2.8686,1.628,8.0242,8.074,,,47.2528,1209.1299,04-18-2023
39,7.83944206941364,7.94289407726883,8.04634608512401,2020.00070688036,2019.97065908489,2019.94061128941,2.9847,0.1853,1.6578,10.6293,333.048,1.5004,1.3812,0.4935,0.402,15.2619,503.4787,1050.3278,189.4368,522.5997,175.796,49.6107,148.4061,19.232,89.2482,15.422,40.883,5.1611,40.0837,4.0638,1.7644,1.8893,0.6668,11.24,5385.1613,0.1901,1428.6247,4652.4456,8.1534,13105.1785,43.7151,2.1761,18.104,28.9405,588.7209,1.1546,14.7395,13.7408,164.9178,0.452,1.3682,1.9332,1.8056,5.5212,3.8052,,,55.1612,784.0049,04-18-2023
40,8.04634608512401,8.13310382896615,8.21986157280829,2019.94061128941,2019.9154123687,2019.890213448,3.933,0.389,1.304,14.9883,322.6386,1.2587,0.3776,0.3699,0.4217,13.8672,544.2506,1084.554,176.3966,526.1077,163.912,45.6185,212.3542,19.7765,93.3808,22.6046,32.3699,6.9554,34.0363,6.9468,10.2518,2.1946,0.6756,7.0527,1593.0868,0.343,2210.5136,4457.5902,11.6251,3721.6271,42.6723,1.6997,18.8926,37.45,669.0373,0.9292,13.3495,8.6667,211.3061,0.452,1.121,1.6214,2.2046,8.7983,7.5903,,,37.04,456.8303,04-18-2023
41,8.21986157280829,8.30519111970284,8.39052066659738,2019.890213448,2019.8654293493,2019.8406452506,4.4026,0.0741,1.3148,13.3895,239.3075,1.3332,0.5314,0.3275,0.3567,11.6709,318.9374,578.4016,116.8009,309.5551,98.55,28.1962,259.0363,26.0379,53.0883,10.035,40.1091,4.1358,26.7795,2.4912,1.9737,1.814,0.642,6.1725,1472.3669,0.297,1439.9662,2106.692,9.7837,3225.1429,39.7411,1.4246,16.0053,27.6085,494.6752,0.9958,17.8204,17.1393,299.6353,0.2751,1.2288,1.7461,2.7399,5.7398,3.4818,,,49.3751,742.1587,04-18-2023
42,8.39052066659738,8.49233962459776,8.59415858259815,2019.8406452506,2019.81107177698,2019.78149830336,6.1419,0.2038,4.2015,11.1354,556.5605,1.3867,1.1928,0.4264,0.8381,17.5677,802.9142,1760.0293,255.5308,917.3265,249.0806,78.9749,333.4408,41.2856,208.0595,28.248,77.2571,10.0314,53.388,10.6162,1.7527,2.145,0.6739,7.2628,991.8997,0.7435,2631.792,8606.8604,12.6376,6650.8839,66.2904,2.7598,18.5759,37.4284,1300.6201,1.1288,26.0273,26.5504,483.5025,0.6264,2.0985,2.6192,1.8594,7.0166,5.1924,,,66.9755,519.8544,04-18-2023
43,8.59415858259815,8.68949788658329,8.78483719056843,2019.78149830336,2019.75380685525,2019.72611540715,5.8751,0.1112,1.977,11.7011,579.5772,1.6453,0.599,0.4229,0.5271,14.9368,928.9313,1796.6456,262.9624,866.6789,209.4673,60.0592,217.591,28.488,129.5511,29.0176,69.5179,10.2877,77.5775,8.5194,1.5986,2.9211,0.8325,7.7643,1939.5918,0.5226,3577.6689,8465.4091,11.7725,5657.9154,58.5962,2.4198,32.2795,27.9137,979.2583,0.9486,17.5371,13.7629,1880.2465,0.5994,1.1747,3.6169,1.8569,10.8361,6.3268,,,59.2748,706.082,04-18-2023
44,8.78483719056843,8.87640069683197,8.96796420309551,2019.72611540715,2019.69952064532,2019.6729258835,4.9025,0.1482,1.0046,9.8353,310.4734,2.2462,0.5629,0.437,0.3538,10.8209,431.9623,921.6228,170.1803,492.8778,118.3566,51.5919,151.88,17.8709,129.5407,13.8828,43.9786,4.6485,30.4079,5.8985,1.3273,0.5627,0.5862,11.1975,777.0444,0.3118,1258.1886,2605.2834,16.9412,1983.9324,40.7557,2.1448,17.2848,27.8576,525.3927,0.8606,11.8799,10.6076,1093.0244,0.3267,1.1233,2.245,1.6154,5.4416,2.783,,,23.9441,425.3154,04-18-2023
45,8.96796420309551,9.05257199465437,9.13717978621323,2019.6729258835,2019.64835141975,2019.623776956,5.6207,0.1297,1.5163,10.739,365.5983,1.3463,0.5754,0.2568,0.5095,12.5762,525.3397,1111.3234,203.0816,634.384,205.506,53.588,176.0248,19.5043,162.6219,15.422,35.4656,10.8004,36.4553,6.6847,1.4784,0.6129,0.5892,8.0561,926.9024,1.149,1211.8135,2995.6821,13.6979,2927.2523,48.309,2.0262,12.9453,32.223,636.8283,1.0194,11.2779,7.1811,85.1959,0.4225,1.0102,2.931,1.7993,4.5523,3.1136,,,3.1263,684.2917,04-18-2023
46,9.13717978621323,9.22160063104126,9.30602147586928,2019.623776956,2019.59925679123,2019.57473662645,7.5146,0.1667,4.3641,14.9527,802.2226,1.388,0.5836,0.2922,0.8746,25.0022,1376.2485,2830.7866,376.2599,1265.0358,324.3459,76.481,319.5969,39.6522,205.9932,37.4828,84.2224,11.0567,107.8144,17.9548,1.6123,2.2439,0.6519,7.6755,2084.5172,1.1205,3238.5573,11396.317,6.104,6601.2354,97.6028,3.3837,14.1322,41.17,1385.2468,1.2984,15.731,17.4434,222.5999,0.8156,1.5626,4.3965,1.8906,7.9361,4.3688,,,75.4087,1499.1574,04-18-2023
47,9.30602147586928,9.40352080536781,9.50102013486634,2019.57473662645,2019.54641779559,2019.51809896474,5.7601,0.2223,1.0664,13.6358,843.0363,1.1399,0.3806,0.8894,0.3657,13.7591,895.9325,1077.8715,181.0378,478.8808,142.1246,52.5875,321.3079,34.7493,115.0768,31.5828,77.2571,12.0846,61.8543,7.9952,1.4348,2.4618,0.6823,9.3531,1459.0331,0.6919,1658.3843,10037.8369,14.1755,11019.9448,39.3184,2.5361,14.8028,33.7152,488.2995,1.2318,14.1994,20.6252,1035.0643,0.3955,1.0204,1.6214,2.5542,9.3436,20.4723,,,86.6464,365.1532,04-18-2023
48,9.50102013486634,9.59301978083036,9.68501942679439,2019.51809896474,2019.49137752547,2019.46465608619,6.2479,0.2285,1.3904,9.4996,699.3778,1.4886,0.3998,0.3628,0.5422,13.0332,734.7439,1490.7716,188.795,721.7346,132.2213,57.5703,138.0361,27.1322,161.5681,28.5045,81.9006,10.5441,67.9017,6.6847,1.4176,1.0171,0.6566,7.1368,1040.1776,1.3626,1365.3162,3698.7217,13.4748,6104.7512,46.7589,1.5834,11.8176,42.5383,490.2479,1.3348,11.0831,10.8236,398.6622,0.3955,0.8871,1.9644,2.0602,5.1116,2.3826,,,10.3015,360.5514,04-18-2023
49,9.68501942679439,9.76606826712384,9.8471171074533,2019.46465608619,2019.44111532533,2019.41757456447,13.6942,0.352,13.6092,26.9843,5067.0088,3.1189,0.4836,0.4759,2.5529,63.9841,5018.5704,9846.008,1454.2982,5178.7076,1299.3487,375.3594,1172.4745,192.9958,1014.5712,173.7829,525.6109,81.8091,486.4773,62.5137,1.8292,2.1946,0.9225,11.3541,4041.6963,4.5889,6085.6793,5627.9032,15.9075,15935.1384,251.807,7.4742,25.1816,161.0623,4169.0007,3.3113,18.0417,20.5109,306.7294,1.7392,2.2246,9.9466,3.5098,7.69,5.6892,,,54.4546,1066.4943,04-18-2023
50,9.8471171074533,9.94336907587452,10.0396210442957,2019.41757456447,2019.38961803156,2019.36166149866,14.7856,0.389,18.0134,40.9389,9670.8896,1.8779,0.7212,2.6782,1.903,83.1257,8738.9566,18823.9045,2420.7599,9683.7453,2124.0982,542.3006,2341.9989,380.7687,2096.3325,365.8405,1026.8154,127.9641,877.4284,102.8843,1.6097,1.8007,1.0385,28.0263,10331.357,6.0533,5030.4884,3934.246,21.9565,24276.073,168.1289,6.3627,16.1094,399.2772,2923.0795,9.5993,24.7082,31.597,377.7426,1.2651,4.8979,11.4433,6.822,5.7173,4.9124,,,63.778,1011.4949,04-18-2023
51,10.0396210442957,10.136310472488,10.2329999006803,2019.36166149866,2019.3335779049,2019.30549431113,182.2825,3.3718,223.9108,271.6523,41616.3013,24.4652,1.6425,3.5165,24.9689,1327.2614,42243.9491,87743.98,11346.3748,45447.3873,10129.555,3553.126,10457.9638,1582.7741,8879.5477,1580.7002,4350.97,582.6615,3708.2804,485.9211,17.0742,4.5602,3.6315,80.8707,42266.9571,21.3937,73522.6371,4955.6295,26.8805,289423.4606,4884.8241,105.7352,93.7294,1572.2697,54817.1896,33.9662,88.0073,105.8535,833.6864,25.6894,25.5908,104.8289,25.485,27.1482,19.4626,,,42.1197,7526.454,04-18-2023
52,10.2329999006803,10.3254093148399,10.4178187289994,2019.30549431113,2019.27865385405,2019.25181339697,14.2519,0.4076,15.7908,153.0312,6395.1773,2.9582,0.5942,2.3917,1.714,105.8873,10239.5503,21355.9484,2617.9383,10625.805,2171.6936,506.9033,1835.1497,298.7476,1399.2408,249.7773,666.5335,77.4541,532.4616,81.6467,2.9613,2.8626,1.2977,43.4559,31175.8346,1.504,8280.6949,6313.324,23.9899,152865.4811,215.6949,16.3125,26.4326,339.2707,5986.0672,6.9146,25.2659,31.8057,334.873,2.4074,3.9019,10.6326,23.1405,10.3836,7.752,,,66.4505,4045.5283,04-18-2023
53,10.4178187289994,10.4977100820389,10.5776014350784,2019.25181339697,2019.22860883008,2019.20540426318,24.4668,0.9078,32.9572,206.583,14900.1504,3.4416,1.2067,2.5793,3.4142,209.0186,24897.1181,55228.3798,6658.067,26470.2025,5167.7683,1310.712,4733.3123,663.1074,3100.7011,573.6151,1545.1313,196.7376,1204.2894,152.1844,2.4041,3.1006,1.5924,58.1297,10445.4974,2.6628,22446.7355,4272.6207,24.4052,75761.4847,652.494,38.6711,42.2354,555.2834,16678.0381,12.4459,40.0375,58.8735,372.1415,6.247,6.7069,16.3074,24.49,16.4745,8.3271,,,66.1897,5007.3395,04-18-2023
54,10.5776014350784,10.6653417151397,10.7530819952011,2019.20540426318,2019.17991996332,2019.15443566345,18.0383,0.6484,19.9456,137.2732,10025.5095,2.3338,0.6261,1.6245,2.3345,144.1062,15966.0496,33333.9272,4051.9847,15856.7685,3398.9936,794.4223,3184.6448,414.2752,2188.4267,353.5172,1044.6697,138.4864,882.2421,119.9336,2.2845,2.9914,1.3734,41.7572,11850.4243,1.3942,16961.2352,5459.1086,20.6166,79485.1162,498.1305,28.7016,46.661,343.1544,11564.4509,8.494,31.7921,40.107,277.6237,4.3039,4.1073,15.4344,16.6761,12.9438,7.0561,,,65.431,3255.6868,04-18-2023
55,10.7530819952011,10.8341739258725,10.9152658565439,2019.15443566345,2019.13088238693,2019.10732911041,8.7995,0.4261,5.0636,74.3946,2976.24,2.8863,0.4238,0.9141,0.8236,39.0012,4776.0527,9371.9238,1165.2895,4425.6952,940.5906,211.9325,1148.2606,117.5246,682.5608,127.8117,296.33,47.2019,225.1457,31.8459,1.3213,2.1914,0.7964,21.4694,6650.5447,0.8154,3049.9599,11092.4876,12.288,32021.2265,77.6767,6.0317,15.9699,139.0456,1951.412,2.7448,13.7213,13.8031,191.4318,0.678,1.8321,4.49,9.5074,7.2017,5.0478,,,30.7017,1377.0701,04-18-2023
56,10.9152658565439,11.0019549205873,11.0886439846306,2019.10732911041,2019.08215013785,2019.0569711653,9.1026,0.2408,5.4112,54.3557,3035.2798,1.5853,0.5193,1.0201,1.1154,42.9706,5314.1304,11210.088,1361.4851,5184.0481,1053.548,247.3248,1104.9833,112.0772,746.6879,141.4073,338.8955,40.2784,226.3552,37.612,1.5854,1.9811,0.8115,25.8201,3794.2842,0.7432,3136.0939,9551.4203,13.3809,16679.8647,79.1986,6.8323,14.3534,116.4821,2026.4745,2.3091,13.5885,12.4641,180.9338,0.9384,1.9345,5.4566,6.4536,6.1253,6.1168,,,344.7051,2707.7934,04-18-2023
57,11.0886439846306,11.1633219923153,11.238,2019.0569711653,2019.03528082262,2019.01359047994,13.1457,0.3335,12.882,38.2712,4236.2645,1.5604,0.6099,0.8751,2.1882,61.4524,7352.55,14974.9633,1843.2913,6858.0375,1392.5589,381.8405,1518.5374,197.0929,1010.4076,175.3143,479.8955,50.0216,315.8685,54.6535,1.8292,2.4864,0.8534,22.8793,6233.1783,0.7517,7028.0372,8694.6442,8.5392,27850.7592,173.7135,10.2675,9.6394,113.5601,4931.0913,3.144,9.3921,13.1133,313.494,2.1347,2.4897,7.2651,4.089,8.6455,5.5068,,,46.2569,2435.5552,04-18-2023
58,11.238,11.3242282268388,11.4104564536775,2019.01359047994,2018.98854535826,2018.96350023659,10.3027,0.2964,9.0786,55.8311,2260.7919,1.4951,0.6013,0.6879,1.3409,49.4202,3506.1505,7422.0006,937.1228,3555.4183,623.486,196.9991,867.9087,110.9964,546.0828,87.0017,212.7082,29.2562,227.5526,25.8177,4.1742,2.4905,0.7731,18.92,4718.8522,0.5881,4081.1719,6053.1233,11.7253,23978.1825,75.8729,7.0918,6.9833,114.4407,2152.3412,2.0988,12.3048,26.6432,312.4936,0.9703,2.5579,4.3653,7.2698,8.5908,6.6082,,,58.0696,1826.933,04-18-2023
59,11.4104564536775,11.4991970740543,11.5879376944311,2018.96350023659,2018.93772538633,2018.91195053607,8.354,0.0741,3.7485,29.87,939.8072,0.94,0.4069,0.5112,0.8532,22.6328,1919.6008,3608.7675,529.574,2142.1368,342.1719,110.3402,444.1229,56.2612,203.9476,43.8984,93.5094,14.1327,89.6723,12.975,1.9874,2.0709,0.5847,9.0906,3239.5867,0.2501,2097.3803,6685.5052,7.0624,11466.7806,50.5638,3.7214,4.3582,59.839,1072.7012,1.073,3.8766,10.4495,107.5037,0.4938,1.3014,3.3051,4.2951,5.6294,4.871,,,32.7955,879.6429,04-18-2023
60,11.5879376944311,11.6724406014022,11.7569435083733,2018.91195053607,2018.88740653621,2018.86286253636,6.7509,0.2161,3.1985,20.1715,591.2655,1.0902,0.4697,0.2851,0.6496,15.6368,824.7826,1658.0504,270.115,842.2975,197.5833,75.9882,267.7125,30.9381,169.8333,18.7567,81.1267,9.5187,29.1984,7.2089,1.6219,2.2915,0.5931,5.7608,1904.5812,0.7538,1934.9238,5896.2232,6.3251,6452.2902,51.832,2.5987,3.4264,35.3228,1156.0763,0.7211,2.4158,9.1105,241.5171,0.5478,1.3093,1.9332,2.3239,6.98,12.4402,,,47.0171,394.951,04-18-2023
61,11.7569435083733,11.8445754008518,11.9322072933303,2018.86286253636,2018.83740971783,2018.8119568993,8.0055,0.0926,3.7466,21.163,726.2574,8.4366,1.2119,0.384,0.7264,18.9065,1256.5499,2755.6084,353.9185,1188.1045,336.2299,54.5836,383.6141,46.1831,205.9932,34.9176,84.9963,11.0567,93.3007,9.8299,1.808,2.1099,0.6025,5.1612,1753.8414,0.3407,2479.7436,6973.5503,4.2021,6948.7744,57.2715,3.0751,6.036,74.1454,1194.9056,1.0902,20.8659,81.6011,535.7932,0.651,1.5941,2.0891,3.496,6.4189,5.5646,,,38.2177,393.8063,04-18-2023
62,11.9322072933303,12.0186198310713,12.1050323688123,2018.8119568993,2018.78685824424,2018.76175958918,22.3805,0.5558,23.5941,38.1727,5245.9575,1.7851,0.5855,0.6914,3.3958,72.7992,8285.5504,16907.2721,2248.1397,8516.3544,1650.3624,340.9676,1625.7283,208.2627,1106.6034,209.7215,558.1077,65.9141,441.6904,60.1575,7.5516,2.393,1.0022,16.6881,4773.036,0.9502,8520.289,6974.9177,13.0276,33014.1949,361.8653,12.6479,24.2206,132.5008,6480.7797,3.556,12.0038,25.4021,164.1554,2.6236,3.2592,5.7996,4.0743,7.5902,7.1824,,,61.5021,1791.4115,04-18-2023
63,12.1050323688123,12.1995980964857,12.2941638241591,2018.76175958918,2018.73429282751,2018.70682606584,8.9873,0.1112,4.5664,17.3418,1850.9648,1.1986,0.6077,0.483,0.9645,22.447,3946.5866,7830.9306,1097.3043,4301.6067,831.5946,179.5667,814.3306,88.9292,467.4814,61.8523,203.4212,30.5379,145.3082,18.7411,1.4211,2.3562,0.8182,10.3704,5213.5765,0.4435,2695.6571,6018.9644,8.615,20055.9573,59.2162,3.3815,5.1639,50.6009,2146.4906,1.0537,11.8799,13.829,2851.3957,0.678,1.3088,3.0245,2.9866,6.2135,4.3351,,,50.0804,1101.9987,04-18-2023
64,12.2941638241591,12.3789966775489,12.4638295309388,2018.70682606584,2018.68218623253,2018.65754639923,9.0145,0.1112,4.6008,32.965,1106.5083,0.9739,0.3445,1.3311,0.9019,24.6736,2022.2764,4389.225,570.2479,1925.5492,484.7997,106.3579,532.2848,51.6278,297.9738,46.7176,102.0302,21.0536,138.0634,6.6847,1.3279,2.0239,0.772,13.6136,2532.5358,0.3567,2298.6442,5453.5712,6.5996,8587.1722,60.259,3.2764,3.6278,55.2439,1214.0156,1.0323,2.6725,9.7671,579.6116,0.6436,1.4576,2.8686,4.4212,5.312,3.4319,,,46.7296,684.2459,04-18-2023
65,12.4638295309388,12.5355805898731,12.6073316488075,2018.65754639923,2018.63670619334,2018.61586598744,9.1147,0.5805,6.8291,31.8577,1458.1412,1.422,0.6385,0.4759,1.1954,35.0295,6218.6515,12216.4218,1420.1568,5309.812,861.2253,227.8665,883.4809,90.0236,367.2046,65.4462,140.7261,17.9777,93.3007,16.9065,2.2277,2.5906,0.7467,10.3025,3267.0862,0.4701,4113.3156,6631.7317,5.1699,14892.5216,104.7051,8.8161,9.4889,154.6649,11109.239,2.1804,9.3213,27.6523,203.418,1.0096,1.6646,3.9911,3.2245,8.2516,4.1317,,,35.913,598.8993,04-18-2023
66,12.6073316488075,12.7022388666025,12.7971460843975,2018.61586598744,2018.58830003944,2018.56073409143,7.1267,0.1297,2.0535,13.8117,258.3877,3.6533,0.5768,0.2356,0.5095,13.9396,853.6801,1630.9037,202.756,803.7446,201.5446,46.6141,205.4236,20.8681,82.0162,17.4741,26.1785,6.1864,44.9216,1.967,1.8378,2.207,0.5536,7.1745,1868.7886,0.2254,1927.9166,9464.0696,4.5129,8388.5786,50.0001,1.7713,8.1365,24.8112,700.4763,0.5494,0.1848,9.6754,119.4532,0.4618,0.9852,1.4967,1.7588,6.2336,6.3541,,,17.4504,386.3311,04-18-2023
67,12.7971460843975,12.8667479493726,12.9363498143478,2018.56073409143,2018.54051812224,2018.52030215305,6.5508,0.1853,1.0498,5.9571,180.7057,1.1685,0.393,0.1932,0.4747,9.1196,80.3211,174.2241,69.9479,80.8205,56.956,54.0858,146.6087,8.3427,38.6243,8.2394,17.6654,7.7244,25.57,5.3743,1.4272,2.6742,0.4622,2.5633,1330.7687,0.9262,1942.3577,10349.7431,3.2102,2728.6587,42.4186,0.8677,4.8518,18.5586,1078.5966,0.3562,3.7084,5.6076,136.9789,0.2948,0.7233,1.1225,1.1494,7.2835,2.5662,,,13.076,235.0813,04-18-2023
68,12.9363498143478,12.9836749071739,13.031,2018.52030215305,2018.50655650674,2018.49281086043,8.2753,0.1112,14.0153,14.3648,707.6108,2.3389,0.4257,0.5042,0.9628,17.9189,1442.594,3510.747,484.2587,1810.1173,405.5731,90.4339,293.6547,36.9326,215.3018,36.9698,108.2138,15.6707,117.4902,9.8299,2.6708,4.8308,0.7981,6.2576,2740.7366,1.8679,4704.4459,3987.6883,2.0758,5508.9702,62.9365,1.8965,39.7679,72.5205,984.2902,2.8736,115.8223,106.3819,552.3618,0.6019,9.5019,1.4967,2.3961,12.8261,12.3578,,,256.3975,450.54,04-18-2023
69,13.031,13.1316300775471,13.2322601550942,2018.49281086043,2018.46358269897,2018.43435453751,8.2359,0.2223,4.8246,17.2293,787.9244,1.5526,0.4212,0.5501,0.7218,21.1543,1080.8588,2012.7341,281.5803,899.8389,264.9259,94.4012,352.4697,30.6658,193.6058,36.2002,72.6213,7.9808,79.9964,11.1404,5.5105,2.0502,0.5904,11.5158,851.1749,1.2759,1622.8312,7861.2028,7.0085,4267.7597,55.9751,2.6726,8.3246,69.8992,1141.3608,1.7533,15.1379,29.4611,312.0592,0.4864,2.5249,2.4633,3.1113,5.5244,4.5352,,,100.3448,647.0702,04-18-2023
70,13.2322601550942,13.3135028565253,13.3947455579563,2018.43435453751,2018.41075746939,2018.38716040127,7.5328,0.0741,2.7536,13.5323,572.6232,1.2678,0.6325,0.3876,0.6446,17.9199,850.7226,1332.5457,218.8967,669.2195,130.2406,59.0587,146.6259,30.9408,158.479,33.381,50.9439,6.6991,63.0638,14.2855,2.1487,2.0425,0.5443,9.477,1290.8171,1.1186,1508.6587,8484.0003,8.9787,4516.0018,44.8142,2.0374,3.7097,50.055,646.2442,1.1868,3.788,25.6703,164.6881,0.398,1.106,2.5256,3.2185,5.865,5.494,,,34.6029,479.1701,04-18-2023
71,13.3947455579563,13.4408727789781,13.487,2018.38716040127,2018.37376267868,2018.36036495608,10.3782,0.2779,10.9529,26.3125,2752.6322,1.6988,0.8336,0.7833,1.4684,43.4878,3594.3791,6975.2596,862.0036,3595.699,835.4965,211.9325,935.4517,114.5327,626.6782,104.4477,268.4535,39.5094,245.7189,54.1319,2.4787,4.5265,0.7902,15.7029,4932.8923,2.7859,7362.2807,13483.7447,10.1976,17325.2942,116.6833,5.8326,18.8747,85.1178,2702.4239,1.9164,37.1421,100.639,588.9379,1.2455,3.2684,4.9265,5.6065,16.257,5.1811,,,115.2478,897.4208,04-18-2023
72,13.487,13.5828936390213,13.6787872780426,2018.36036495608,2018.33251250051,2018.30466004494,6.7327,0.1667,4.524,12.8773,1153.3829,2.4095,0.5096,0.5642,0.3434,14.456,1144.9871,2652.0296,345.5226,1326.1202,312.4619,85.9488,314.3946,41.5552,216.335,41.5871,98.9268,17.2087,109.036,15.3339,6.2317,2.2463,0.5677,9.9459,548.0901,0.9131,3333.7638,7021.7949,10.5255,5806.8607,34.6398,1.8428,8.8957,32.0964,1030.434,0.7618,14.2791,55.3969,888.8018,0.425,3.614,1.6214,2.0766,10.0512,9.7395,,,159.0193,635.0332,04-18-2023
73,13.6787872780426,13.768905209373,13.8590231407033,2018.30466004494,2018.27848515258,2018.25231026023,6.3661,0.0741,0.6366,6.0587,150.3317,1.3148,0.5099,0.2215,0.2268,6.9737,133.3079,207.6798,64.6772,136.6865,88.6466,29.6895,1.36,10.7928,63.4197,10.2915,12.248,2.5978,7.4279,3.5396,1.8389,1.8296,0.4117,3.2769,314.9268,0.4597,968.6936,3756.7163,3.1511,2033.5808,32.7233,1.4269,6.0559,52.3196,1518.4738,0.4078,2.3273,12.7058,310.2249,0.1818,0.7582,1.3408,1.8751,4.7148,2.3315,,,11.5577,317.5832,04-18-2023
74,13.8590231407033,13.9421453734902,14.025267606277,2018.25231026023,2018.22816727932,2018.20402429842,7.3752,0.1297,2.4033,6.7172,524.8556,1.0575,0.8344,0.3381,0.4556,11.8254,703.5737,1159.7519,176.6849,618.5893,209.4673,70.0148,285.0649,23.86,122.3191,20.5524,59.457,15.927,57.0164,4.8501,1.9742,1.9705,0.4715,4.8725,323.2781,1.0281,1433.5922,6557.1672,4.1429,2976.9008,49.0982,1.5745,5.9342,25.449,952.5713,0.5644,4.3901,15.466,142.2771,0.3022,1.2629,1.8085,1.953,4.3119,5.1228,,,47.9337,200.1379,04-18-2023
75,14.025267606277,14.1294985253427,14.2337294444084,2018.20402429842,2018.17375026698,2018.14347623554,7.2722,0.2408,1.2828,6.0818,491.4685,1.1973,0.5084,0.4052,0.3382,20.7707,349.3044,606.3659,128.5917,360.1678,116.376,47.1169,72.2733,25.2212,147.1041,20.5524,54.8135,11.3131,63.0638,8.2573,0.6693,1.8208,0.4268,113.5121,495.6115,0.5534,1194.2012,8106.5322,4.4467,2728.6587,40.1075,1.0534,27.7372,25.2445,423.9318,0.5472,0.4504,10.0862,373.7744,0.2211,0.8371,1.3408,1.2162,4.5824,12.239,,,23.9187,1103.7215,04-18-2023
76,14.2337294444084,14.3346298544173,14.4355302644263,2018.14347623554,2018.1141695556,2018.08486287566,8.154,0.1853,4.2138,33.6561,1502.3971,1.7199,0.2911,0.331,0.747,23.7234,1909.1997,4137.1846,536.3979,1860.8173,405.5929,113.3219,560.0072,58.9781,316.56,55.1853,139.1705,21.8226,100.5575,19.5274,0.6552,1.7363,0.5946,14.4942,1112.6112,0.8137,2415.7297,7365.4693,11.7223,5608.267,62.5701,3.9898,4.7721,85.5059,1209.3661,1.6868,4.0802,15.8618,143.3057,0.6215,1.2753,2.8686,3.8041,4.4192,6.58,,,23.6032,1365.6226,04-18-2023
77,14.4355302644263,14.5121275037963,14.5887247431662,2018.08486287566,2018.06261508917,2018.04036730268,11.2422,0.3149,11.9903,62.5242,3235.0082,2.3298,0.4175,0.9635,1.4408,48.6679,5638.2399,11532.1334,1440.6503,5126.3671,1126.8327,256.2799,1058.2839,152.6808,716.7061,129.0917,350.5275,43.357,232.4026,28.9629,1.0237,2.0856,0.7748,29.2672,4061.668,0.9947,4723.6009,9820.8274,14.7789,17077.0521,128.5487,7.7649,10.7086,160.2118,3608.1442,3.1354,10.0296,26.8481,3886.464,1.4838,3.0979,6.5479,6.0804,5.6858,4.2193,,,55.9489,2669.3757,04-18-2023
78,14.5887247431662,14.6768643211897,14.7650038992131,2018.04036730268,2018.0147670261,2017.98916674952,8.6874,0.1482,5.7323,39.571,1521.0828,4.0478,0.4058,0.6102,0.7402,29.2184,3070.9297,6708.5923,817.6122,2865.4099,570.008,135.732,397.3198,82.4038,356.8732,75.4531,153.101,21.5663,139.2608,21.8863,0.4539,2.329,0.6556,15.0641,5608.4094,0.4528,2789.1092,8595.2759,10.1967,16431.6226,68.686,30.6437,18.2082,357.6105,19520.8597,3.0817,11.5966,68.9083,128.0455,0.9433,1.7143,4.1782,4.7124,5.1283,4.8645,,,39.4488,973.0715,04-18-2023
79,14.7650038992131,14.855997088911,14.9469902786089,2017.98916674952,2017.96273763702,2017.93630852453,9.5238,0.1112,6.1424,37.3484,1903.484,2.2018,0.3344,0.4512,0.785,33.2139,3792.7565,8029.8884,998.6004,3798.3418,760.1915,128.7631,753.7181,94.9238,447.8413,88.8025,178.6481,14.6454,132.0039,19.5274,0.7317,1.8987,0.5469,12.5892,3552.7696,0.3793,3276.0287,8616.5891,6.5296,14644.2795,80.6078,5.7901,12.1212,97.898,2120.772,1.8499,4.1156,10.6255,105.7709,1.0563,1.8126,2.6192,4.7256,4.9179,6.6481,,,44.5549,1183.9683,04-18-2023
80,14.9469902786089,15.0119951393045,15.077,2017.93630852453,2017.91742776233,2017.89854700013,18.8934,0.5002,24.6587,71.2602,6511.1671,2.8485,0.4171,1.1755,2.8218,123.2791,11617.2804,24518.9188,2895.2182,11499.4852,2237.2536,538.2686,2009.849,307.4672,1508.8985,269.0524,684.3801,97.9631,554.2079,72.7354,1.7354,2.4542,0.9711,28.3487,6079.1113,1.5903,12038.9969,7186.4109,14.0009,38972.0053,280.3743,19.2479,26.2023,207.5015,8871.5972,4.5625,28.728,45.4656,191.9595,3.4465,4.6161,8.8553,6.7519,7.8485,9.1057,,,114.0436,3102.634,04-18-2023
81,15.077,15.1557453964603,15.2344907929207,2017.89854700013,2017.8756752781,2017.85280355607,14.1247,0.5002,29.7673,91.8828,8565.0934,5.3845,0.7855,1.7481,1.9468,93.0247,15026.7752,32082.538,4028.6946,15556.0595,3085.7117,669.3744,2802.3215,378.58,1887.4829,331.1793,811.4961,112.3151,734.6255,84.0055,4.0039,2.6641,0.9908,44.8997,10332.1556,1.2969,10976.5798,5791.1433,18.9201,51632.3525,158.3434,14.0064,18.1818,222.477,5645.2765,6.1828,58.2645,167.7101,682.7249,2.572,13.6134,6.4232,11.895,10.9262,24.8932,,,375.7624,6302.9592,04-18-2023
82,15.2344907929207,15.3145408126002,15.3945908322798,2017.85280355607,2017.8295529042,2017.80630225234,7.8813,0.2964,23.8763,62.5129,1929.9691,2.0071,0.4588,0.8363,0.8338,38.8164,2772.4936,5942.8521,694.0835,3026.0267,684.9262,164.6134,546.146,91.9319,511.9478,76.4817,214.2715,22.8479,177.964,23.983,1.9012,2.7093,0.7977,17.6934,7031.212,0.3077,3013.082,8762.8772,10.9802,22091.5425,51.1838,5.0633,5.8323,191.0874,7219.111,3.0409,9.1885,23.4647,290.7085,0.7959,39.2935,3.274,9.0962,6.2333,11.4953,,,30.7292,1195.9939,04-18-2023
83,15.3945908322798,15.4755796525958,15.5565684729118,2017.80630225234,2017.78277892438,2017.75925559642,8.5237,0.3149,12.3572,20.1786,2829.5078,2.3337,0.3663,0.5713,1.0097,37.8624,4692.6249,10301.9985,1281.0797,5056.4343,956.4756,232.3715,861.0127,124.619,652.61,111.1224,316.4441,30.2841,209.4104,27.3903,2.1172,2.0992,0.6413,11.6026,3700.1655,0.5745,4303.6741,5412.5499,2.8182,16332.3258,80.8051,5.9624,27.3961,92.2396,2455.3956,3.1804,67.0252,57.7424,259.1043,1.2774,6.1681,1.9332,2.7473,5.0878,8.8867,,,100.9982,626.4362,04-18-2023
84,15.5565684729118,15.6408662089822,15.7251639450525,2017.75925559642,2017.73477118877,2017.71028678112,6.4116,0.1667,4.0401,12.9134,2922.4158,2.424,0.3464,0.6667,0.6494,22.1401,2200.1698,5456.4562,866.3596,3469.8653,922.6854,107.3535,906.0529,142.8749,696.0123,130.8976,275.411,40.5348,214.2604,20.0516,1.2057,1.9787,0.5938,9.5723,3231.252,0.4285,2250.0565,6491.1424,9.6041,11566.0774,56.2287,3.5537,7.0232,46.1797,1075.2329,1.2018,8.6307,19.2821,151.4019,0.6461,1.4264,2.8998,2.5919,4.4267,5.6498,,,50.1079,621.8285,04-18-2023
85,15.7251639450525,15.7999587949902,15.8747536449278,2017.71028678112,2017.68856250143,2017.66683822174,7.6176,0.1853,7.4999,23.7816,1426.4449,2.9256,0.5941,0.5289,0.8192,28.108,2667.9821,5632.1077,713.6284,2620.7236,556.1829,138.7287,475.2155,75.587,372.391,46.2071,132.9792,22.0789,152.565,21.1,1.2782,2.1482,0.6236,13.1742,2352.6745,0.5159,2795.0736,8565.8263,7.0148,9927.6796,66.2622,4.2,25.3944,67.7044,1621.9748,2.0538,35.1218,55.3456,339.8699,0.7984,3.6118,2.8374,4.379,5.2998,25.9364,,,107.8362,866.4955,04-18-2023
86,15.8747536449278,15.9598393607916,16.0449250766554,2017.66683822174,2017.64212494414,2017.61741166654,4.845,0.2223,2.9698,22.2732,620.8201,1.537,0.2855,0.3381,0.5109,17.1171,1244.3127,2728.4145,341.1883,1172.467,266.9066,74.9976,215.8281,37.7466,215.3018,26.7089,54.0396,11.3131,73.9491,7.7331,0.8438,2.0239,0.5201,7.5275,2107.7578,0.3307,1985.8361,8296.1134,6.62,7445.2586,48.2809,2.3706,8.0103,37.9955,853.1131,0.8434,4.2396,16.299,2010.8609,0.4938,1.26,2.3385,2.3193,5.9678,2.9203,,,38.479,606.363,04-18-2023
87,16.0449250766554,16.1341583372707,16.223391597886,2017.61741166654,2017.59149372816,2017.56557578979,5.3844,0.2038,1.3394,10.3867,458.4803,1.3619,0.284,0.3275,0.3631,11.0196,1510.4089,3097.6936,405.4283,1416.9962,332.2686,72.001,201.9151,25.7656,140.9053,23.8872,60.2309,8.7497,43.7122,9.3057,0.717,1.4768,0.4437,6.0354,1155.1248,0.215,1355.4624,5406.9954,6.151,3523.0334,35.7108,1.4179,2.6052,20.6505,411.0015,0.4764,0.9727,17.1797,74.9758,0.3022,0.9536,1.216,1.3288,3.5063,4.4814,,,6.1891,328.4469,04-18-2023
88,16.223391597886,16.3092019915652,16.3950123852444,2017.56557578979,2017.5406520284,2017.51572826701,6.9964,0.0741,5.7865,20.9847,2232.1348,2.1078,0.4239,1.2109,0.7092,26.3124,2805.1222,5532.8648,773.2488,2919.4259,607.6208,163.1101,757.2093,87.0317,460.2804,85.9756,216.601,25.9239,173.1382,29.4897,0.8615,0.2339,1.083,28.371,1131.8093,0.7913,2339.1925,1074.4501,26.1507,5360.0249,51.8039,3.1869,5.5402,57.4736,1075.1403,1.1932,13.5089,52.343,287.5159,0.5331,3.2377,5.7996,2.7834,4.4756,4.4098,,,81.8262,1567.8995,04-18-2023
89,16.3950123852444,16.4828213963122,16.57063040738,2017.51572826701,2017.49022400411,2017.46471974122,5.9025,0.1667,3.5884,12.9489,1552.753,1.9523,0.3174,0.6985,0.7031,20.56,1895.8669,4102.9348,623.3141,2391.8494,585.8335,121.7941,520.2903,70.4119,434.4105,64.4175,152.3271,18.4903,113.8618,16.1202,0.8326,0.5211,0.7046,12.4418,1450.74,2.1124,1793.2574,2778.0569,14.775,6551.587,57.3843,2.7687,3.8248,46.6428,786.8659,0.9335,2.1502,15.2829,110.8644,0.4987,1.4016,3.1804,2.0595,3.6224,5.0289,,,19.2824,636.1608,04-18-2023
90,16.57063040738,16.6653041746964,16.7599779420127,2017.46471974122,2017.43722159926,2017.40972345731,5.7298,0.1482,1.2667,6.3406,760.0997,1.6806,1.9843,0.3169,0.3093,9.852,400.4442,1021.9744,205.8719,756.5875,253.0419,71.0154,144.8458,45.3691,231.8424,35.1741,89.6398,11.5694,72.7396,12.1887,0.5218,0.7272,0.37,5.4575,1133.4979,0.7181,1180.5558,2851.4281,7.6317,5310.3765,36.5282,1.4693,2.5344,17.9177,407.0757,0.4099,1.6987,8.9858,90.1561,0.3169,0.9933,1.7149,1.1676,2.9135,3.8605,,,19.2562,254.5706,04-18-2023
91,16.7599779420127,16.843181940639,16.9263859392652,2017.40972345731,2017.38555672739,2017.36138999747,5.7571,0.1482,2.1062,9.4701,530.0711,1.7146,0.3193,0.324,0.265,12.2975,556.0991,1847.7903,189.1019,711.1408,150.0473,61.5575,233.1287,26.3101,105.7785,18.2437,64.8744,5.6738,53.388,5.1122,0.7211,1.9699,0.4698,6.8226,599.7369,0.5348,4907.6955,6592.7784,12.2349,4416.7049,38.7829,1.986,8.5548,53.0222,6029.1504,0.8455,15.5805,27.7214,2455.7673,0.6264,1.8011,2.0891,1.414,9.411,9.4458,,,51.3905,196.6865,04-18-2023
92,16.9263859392652,17.0105035045557,17.0946210698462,2017.36138999747,2017.3369579207,2017.31252584393,9.6511,0.389,8.7227,19.6698,2130.5386,1.7852,0.2791,0.3204,1.2011,49.1517,5093.8327,10391.8743,1423.251,5066.9408,1043.6447,228.3743,868.047,106.902,500.6039,78.2723,275.4342,37.7177,191.2683,19.7895,0.7753,2.2138,0.5184,7.9656,3982.5383,1.1584,5567.3549,7340.7631,6.8683,16779.1616,152.057,5.8125,13.0382,63.5903,2454.1225,1.7147,8.675,20.0227,357.6569,1.5353,2.1745,3.9911,1.8012,4.9078,2.8423,,,79.6,622.9733,04-18-2023
93,17.0946210698462,17.1760322946709,17.2574435194956,2017.31252584393,2017.28887982793,2017.26523381193,7.4872,0.3705,6.453,17.9246,1883.1032,4.9794,0.5254,1.1473,0.7848,37.369,1645.3355,3830.4498,496.9796,1925.3224,536.2772,142.701,568.6316,81.3067,397.2071,73.9191,177.8819,25.9239,162.2408,17.4307,0.6709,1.7472,0.6582,15.057,3788.4699,0.9329,2647.3588,5888.4733,14.3483,10870.9996,49.8028,3.3793,4.7389,130.3629,900.4593,2.3328,7.4887,20.2066,391.4249,0.5748,2.5644,4.3029,2.7182,5.1703,5.6005,,,1095.041,675.1051,04-18-2023
94,17.2574435194956,17.3488843527131,17.4403251859305,2017.26523381193,2017.23867468068,2017.21211554944,15.6404,0.4446,16.3363,47.5871,4251.924,2.2044,0.3862,1.0483,2.3066,122.9408,5495.0775,11423.7432,1428.8596,5433.883,1212.0608,366.8672,1158.6133,171.4731,913.1787,160.1667,450.4325,52.8386,366.6665,39.4493,0.8716,2.2791,0.7884,22.534,4110.836,1.3429,6897.8513,7318.1972,16.1808,23978.1825,237.0344,11.8915,10.0511,219.0949,4703.2619,4.584,11.6497,22.173,246.3109,2.0095,3.0176,7.1092,6.1369,5.6518,3.063,,,107.861,1381.0767,04-18-2023
95,17.4403251859305,17.5327426618298,17.6251601377292,2017.21211554944,2017.18527275081,2017.15842995219,7.8328,0.2964,6.6489,27.9633,1631.7443,2.3037,0.3468,0.6172,0.8276,41.6906,3097.2472,6347.3872,782.2275,2900.2454,532.3753,156.1361,618.7703,79.4037,371.3269,56.2089,180.9698,25.1549,135.6324,19.2653,0.5943,1.6705,0.5504,13.5142,3772.6324,0.4163,2802.2227,6760.333,10.6108,21694.3551,73.1109,5.3921,11.8334,183.2493,4600.4997,3.8629,7.1788,12.9184,149.5344,0.8303,1.9115,5.3942,3.7847,4.4351,3.4047,,,41.9369,929.5195,04-18-2023
96,17.6251601377292,17.6972978965935,17.7694356554578,2017.15842995219,2017.1374774287,2017.11652490521,11.8029,0.3335,15.7929,54.2445,3627.5066,3.0862,0.4577,1.1896,1.7531,92.6527,8606.8838,17488.7244,2101.9131,7854.0259,1414.4056,318.5475,1338.5495,198.1819,841.7886,162.9808,370.6493,51.5595,314.647,47.5716,0.9183,2.4208,0.8199,25.6129,6005.7794,0.7222,7012.2344,6693.8454,11.6313,25417.9867,181.0738,11.4689,13.6559,179.164,4889.435,4.5518,25.2571,49.011,271.0622,1.9873,5.0011,8.7617,5.5692,5.8263,23.7529,,,222.1033,5010.7623,04-18-2023
97,17.7694356554578,17.8521021764426,17.9347686974274,2017.11652490521,2017.0925142865,2017.06850366779,7.5024,0.1112,5.6263,34.2277,1658.6846,1.9732,0.375,0.6278,1.0991,35.0372,2561.2165,5319.8069,714.2392,2552.5884,532.3753,145.6927,466.5911,71.5063,386.855,79.3009,179.422,23.8733,152.565,20.0516,0.7515,1.8586,0.6189,14.1878,4941.2186,0.5331,2781.5176,4376.9872,9.9895,17871.4268,74.0974,5.0566,5.4184,85.637,1619.2158,1.9078,11.3575,51.6641,198.6209,0.8279,1.7976,4.3965,4.7551,5.3439,5.8663,,,255.1429,1080.237,04-18-2023
98,17.9347686974274,18.0164090952344,18.0980494930413,2017.06850366779,2017.04479108815,2017.0210785085,6.1995,0.2408,2.4192,29.8388,939.3953,4.7769,0.3562,0.6278,0.6829,26.7437,1113.5096,2227.6867,306.7337,1058.7978,290.6746,79.4677,162.1636,37.4717,223.567,26.9654,79.5789,12.5947,87.2533,5.3743,0.973,2.2117,0.6035,11.4348,2812.3966,0.5892,1889.8006,3684.1605,11.0425,7991.3912,41.094,3.4352,4.6769,74.2579,787.6012,2.028,6.7893,14.5332,1744.0676,0.5282,1.2155,2.7127,4.0572,5.2528,13.8087,,,214.6357,614.3877,04-18-2023
99,18.0980494930413,18.181066401293,18.2640833095448,2017.0210785085,2016.99696611927,2016.97285373004,5.3995,0.1297,1.1165,7.8678,480.1704,1.7773,0.2742,0.2286,0.3958,14.0011,680.9798,1416.3757,206.8144,664.1233,167.8733,63.5387,93.0651,24.9489,134.7064,21.581,73.3953,5.9301,35.2458,4.3259,0.717,0.9781,0.3672,5.3093,667.9781,1.2809,1142.4631,2980.5348,6.2607,4019.5176,32.4133,1.2815,2.8553,29.2588,386.0473,0.734,3.2303,7.4452,4145.3976,0.2555,0.7691,1.4343,1.6839,3.0507,1.953,,,110.7169,1479.6223,04-18-2023
100,18.2640833095448,18.3458432089615,18.4276031083783,2016.97285373004,2016.94910644096,2016.92535915189,11.1937,0.1853,12.9556,18.3935,4775.6296,2.3167,0.3223,0.4723,1.9,57.3215,6895.187,14182.3005,1778.7226,6800.339,1289.5048,325.5264,1376.6072,191.376,959.7114,196.1131,580.5668,93.0903,630.4291,96.5887,1.2123,2.1893,0.6482,10.9122,4092.4947,1.7068,6599.0447,4422.3187,9.7783,18765.0984,155.1586,7.7224,10.5801,160.2997,3866.1554,2.3263,28.8962,114.8454,300.7671,1.8842,3.8699,3.9288,2.1724,5.5699,8.2719,,,179.6884,716.3847,04-18-2023
101,18.4276031083783,18.5141393642844,18.6006756201904,2016.92535915189,2016.9002245627,2016.8750899735,6.8206,0.1112,3.8511,10.0273,903.7928,1.7407,0.2772,0.2639,0.866,33.5231,1291.0107,2863.464,399.2151,1210.7581,340.1913,111.3457,322.9844,37.1994,187.407,38.5114,93.5094,10.5441,102.9765,14.8097,0.818,1.4998,0.3989,5.1498,4170.7758,1.043,2467.3234,4597.4703,6.0555,13204.4753,66.2622,3.1333,11.8001,51.0645,1420.2214,1.8842,5.8685,14.218,148.8353,0.5306,1.2684,4.5212,1.3819,3.6622,3.3494,,,82.5851,216.1643,04-18-2023
102,18.6006756201904,18.696459072971,18.7922425257515,2016.8750899735,2016.84726952169,2016.81944906988,4.9268,0.0741,0.3387,5.2091,588.6643,1.5748,0.3487,0.2745,0.1612,12.2532,135.5251,221.835,79.5777,241.4199,80.724,49.6058,10.0362,20.0487,130.5739,22.0915,71.8397,9.5187,36.4553,7.9952,0.4164,0.2779,0.3201,4.7263,1026.0453,0.5293,915.4885,756.7856,11.0601,3969.8692,22.2953,0.5569,5.6929,16.6071,180.8602,0.5666,1.6456,13.4468,198.4228,0.2236,0.9138,1.029,1.0919,3.1059,3.0339,,,44.556,346.7972,04-18-2023
103,18.7922425257515,18.8961212628758,19,2016.81944906988,2016.78927733023,2016.75910559058,7.9691,0.0556,3.5123,6.9912,572.1853,1.6728,0.6517,0.278,0.7229,20.0704,615.3747,1080.2379,195.6159,660.5106,207.4866,70.5076,207.1347,28.2184,145.0379,32.0958,68.744,6.9554,71.5301,2.7533,0.493,1.9008,0.3149,3.2007,799.5032,0.5649,1667.8046,5242.2478,7.0933,4466.3534,82.778,2.0687,3.3423,25.167,983.8057,0.4292,3.8589,14.3027,290.9748,0.5183,1.3966,1.216,2.6104,3.7054,8.1758,,,47.7757,540.4828,04-18-2023
