Year,Depth (m)
2013,2.71
2012,6.9727
2011,10.868
2010,13.5399092
2009,17.08
2008,18.94406028
2007,21.83160853
2006,24.47643926
2005,27.29269053
2004,29.77961157
2003,32.7177842
2002,35.45979244
2001,37.63644599
2000,39.87951171
1999,41.75749127
1998,44.25338311
1997,46.10590642
1996,47.30863066
1995,49.01609528
1994,50.94991635
1993,53.16671028
1992,54.62068176
1991,56.16996558
1990,57.68336346
1989,59.28206373
1988,61.2709059
1987,62.71267989
1986,64.32074841
1985,65.95979888
1984,66.96029426
1983,67.99593274
1982,69.41909861
1981,70.73201139
1980,72.24401692
1979,74.09129923
1978,75.05424835
1977,76.41645361
1976,77.75211421
1975,78.81997696
1974,79.73505917
1973,80.60197732
1972,81.35200933
1971,82.25526066
1970,83.27648215
1969,84.37406128
1968,85.20239816
1967,86.117189
1966,87.37398982
1965,88.43776572
1964,89.25471505
1963,90.00673236
1962,90.91810466
1961,91.89055026
1960,93.01778893
1959,93.89811144
1958,94.49516127
1957,95.06043049
1956,95.5947092
1955,96.2418762
1954,97.05593258
1953,97.76508602
1952,98.50084009
1951,99.23629151
1950,99.71330635
1949,100.1744212
1948,100.6396286
1947,101.3770365
1946,102.0667873
1945,102.6712714
1944,103.4073593
1943,104.1800227
1942,104.8019437
1941,105.4413349
1940,106.1292531
1939,106.7750158
1938,107.0628371
1937,107.759339
1936,108.2070173
1935,108.7231815
1934,109.2206907
1933,110.1318518
1932,110.6277864
1931,111.2747751
1930,111.9716978
1929,112.4432824
1928,113.0344154
1927,113.4233629
1926,113.9295281
1925,114.5793278
1924,115.0703508
1923,115.64642
1922,116.1152049
1921,116.5199902
1920,116.869045
1919,117.4251387
1918,117.8459545
1917,118.3146663
1916,118.6816419
1915,119.0406828
1914,119.4712764
1913,119.7704293
1912,120.3086975
1911,120.6899381
1910,121.0241623
1909,121.2927449
1908,121.5970503
1907,121.8846798
1906,122.1234088
1905,122.4018604
1904,122.8926221
1903,123.1948672
1902,123.4807063
1901,123.8167589
1900,124.1281818
1899,124.4009065
1898,124.7768563
1897,125.1895562
1896,125.4600412
1895,125.7556903
1894,126.0308424
1893,126.2419592
1892,126.6325747
1891,126.8992652
1890,127.1973442
1889,127.6151664
1888,127.9163905
1887,128.2888516
1886,128.5594018
1885,128.8140079
1884,129.0733842
1883,129.3307936
1882,129.7981358
1881,130.1282073
1880,130.5179907
1879,130.769586
1878,131.1029643
1877,131.3740301
1876,131.5521964
1875,131.80241
1874,132.0933199
1873,132.4887792
1872,132.7179705
1871,132.8167072
1870,133.013654
1869,133.2702966
1868,133.6520588
1867,133.8848602
1866,134.0969799
1865,134.1946829
1864,134.4034409
1863,134.6505052
1862,134.8005146
1861,135.0042702
1860,135.3051844
1859,135.4605931
1858,135.673816
1857,135.8461657
1856,136.1119131
1855,136.4055835
1854,136.5793564
1853,136.713901
1852,136.9938575
1851,137.2238125
1850,137.4064885
1849,137.5605241
1848,137.734925
1847,137.9693544
1846,138.1226595
1845,138.3546955
1844,138.5444694
1843,138.7357129
1842,138.9507007
1841,139.1034275
1840,139.3380635
1839,139.4901242
1838,139.6421848
1837,139.7942455
1836,139.9463061
1835,140.0983668
1834,140.2621428
1833,140.4525117
1832,140.6970107
1831,140.9230143
1830,141.0808898
1829,141.2322503
1828,141.4095913
1827,141.6224405
1826,141.8083388
1825,141.9394582
1824,142.0770332
1823,142.2486559
1822,142.4855994
1821,142.6572382
1820,142.8610777
1819,143.1245112
1818,143.3354781
1817,143.5618791
1816,143.6813608
1815,143.7851831
1814,143.9306243
1813,144.1107599
1812,144.3106134
1811,144.4696904
1810,144.6511255
1809,144.8228473
1808,144.9643051
1807,145.1548148
1806,145.3452903
1805,145.4744025
1804,145.6903254
1803,145.8837776
1802,146.1144325
1801,146.3200321
1800,146.5489899
1799,146.7870898
1798,147.0413494
1797,147.1931797
1796,147.3442909
1795,147.5051787
1794,147.6767286
1793,147.8969991
1792,148.1256032
1791,148.335114
1790,148.4699057
1789,148.5322814
1788,148.6453609
1787,148.8311105
1786,148.9634533
1785,149.070972
1784,149.1636817
1783,149.3544383
1782,149.5068631
1781,149.6995808
1780,149.8542689
1779,149.9668697
1778,150.103527
1777,150.2750824
1776,150.3985367
1775,150.5653652
1774,150.7413861
1773,150.854971
1772,151.0436844
1771,151.1793341
1770,151.3902283
1769,151.527859
1768,151.6539836
1767,151.8304536
1766,152.0598813
1765,152.212343
1764,152.3587137
1763,152.4835361
1762,152.6319871
1761,152.7529838
1760,152.8641437
1759,153.0098493
1758,153.1038998
1757,153.224104
1756,153.3388891
1755,153.430097
1754,153.4863726
1753,153.5694402
1752,153.6591359
1751,153.782576
1750,153.8800741
1749,153.9774884
1748,154.0406409
1747,154.1511486
1746,154.2390913
1745,154.3266744
1744,154.47757
1743,154.5764676
1742,154.6671947
1741,154.7571512
1740,154.8475394
1739,154.9150341
1738,154.9634184
1737,155.0034026
1736,155.0520809
1735,155.1314981
1734,155.193502
1733,155.2522515
1732,155.3535492
1731,155.4231938
1730,155.4978513
1729,155.5561375
1728,155.606012
1727,155.6580536
1726,155.7184248
1725,155.7731678
1724,155.8126854
1723,155.9078292
1722,156.0791363
1721,156.2290832
1720,156.3123143
1719,156.3793569
1718,156.4295982
1717,156.5306414
1716,156.6456898
1715,156.7760781
1714,156.8769961
1713,156.9619468
1712,157.0438968
1711,157.142168
1710,157.2606335
1709,157.3537039
1708,157.4242509
1707,157.5079852
1706,157.6497546
1705,157.7885134
1704,157.9517869
1703,158.013718
1702,158.0988437
1701,158.228507
1700,158.3254384
1699,158.4194754
1698,158.4775388
1697,158.5186207
1696,158.573712
1695,158.6481693
1694,158.7676067
1693,158.9321267
1692,159.0647988
1691,159.165589
1690,159.2361482
1689,159.3033418
1688,159.4322356
1687,159.5542143
1686,159.6346822
1685,159.7107057
1684,159.7901247
1683,159.8694282
1682,159.9617812
1681,160.0542252
1680,160.1320547
1679,160.1989892
1678,160.2802059
1677,160.3595743
1676,160.4245923
1675,160.4921155
1674,160.5417447
1673,160.6389536
1672,160.7402368
1671,160.8049248
1670,160.8723985
1669,160.9504263
1668,161.0246983
1667,161.0889457
1666,161.1398593
1665,161.222217
1664,161.2870773
1663,161.3704655
1662,161.459948
1661,161.5231556
1660,161.5913131
1659,161.6680136
1658,161.7431539
1657,161.8009168
1656,161.8886198
1655,161.9666804
1654,162.0627394
1653,162.116754
1652,162.1744748
1651,162.2597953
1650,162.3663036
1649,162.5019164
1648,162.5913859
1647,162.6776115
1646,162.8009196
1645,162.8720253
1644,162.9365702
1643,163.0156803
1642,163.096575
1641,163.2009132
1640,163.2481899
1639,163.3102689
1638,163.4275092
1637,163.5043739
1636,163.5506188
1635,163.6237984
1634,163.7042042
1633,163.7937249
1632,163.8577236
1631,163.9334139
1630,164.0132615
1629,164.0928556
1628,164.1700113
1627,164.2611259
1626,164.3241297
1625,164.3886021
1624,164.4515708
1623,164.5362164
1622,164.6134078
1621,164.6701269
1620,164.737546
1619,164.8196097
1618,164.9027277
1617,164.9709078
1616,165.0544252
1615,165.1274132
1614,165.2482267
1613,165.3007003
1612,165.3521212
1611,165.4223849
1610,165.4962262
1609,165.555107
1608,165.6330208
1607,165.7134392
1606,165.7838382
1605,165.8464034
1604,165.8821104
1603,165.9260509
1602,165.9944871
1601,166.0382674
1600,166.0800851
1599,166.1241073
1598,166.1694797
1597,166.2403372
1596,166.3295853
1595,166.3685846
1594,166.4304238
1593,166.5013886
1592,166.5523835
1591,166.6019881
1590,166.6555299
1589,166.6903161
1588,166.765319
1587,166.8253664
1586,166.8714713
1585,166.9192213
1584,166.949601
1583,166.9724026
1582,167.010872
1581,167.0462695
1580,167.1194931
1579,167.195227
1578,167.2669702
1577,167.3436288
1576,167.3954109
1575,167.4473149
1574,167.4868914
1573,167.5159266
1572,167.5797423
1571,167.6678621
1570,167.7720053
1569,167.8652105
1568,167.908387
1567,167.9728378
1566,168.0319584
1565,168.0992591
1564,168.1263622
1563,168.1505307
1562,168.1869855
1561,168.2457209
1560,168.3334263
1559,168.3986363
1558,168.4579957
1557,168.5190413
1556,168.5869537
1555,168.6128263
1554,168.6738579
1553,168.7132258
1552,168.7440618
1551,168.8357727
1550,168.9121696
1549,168.9537314
1548,168.999583
1547,169.0317067
1546,169.0935734
1545,169.1615265
1544,169.2289928
1543,169.2607865
1542,169.3066386
1541,169.3251383
1540,169.376197
1539,169.4341286
1538,169.4598953
1537,169.5102891
1536,169.5840576
1535,169.6737946
1534,169.7452774
1533,169.7965008
1532,169.8825922
1531,169.9184056
1530,169.963089
1529,170.0010942
1528,170.0771163
1527,170.1324823
1526,170.1770436
1525,170.236453
1524,170.307242
1523,170.363114
1522,170.41148
1521,170.4557009
1520,170.5084482
1519,170.5730169
1518,170.6014476
1517,170.6827433
1516,170.7407586
1515,170.7946387
1514,170.8577355
1513,170.8933644
1512,170.9283376
1511,170.9754125
1510,171.0234
1509,171.083281
1508,171.1431678
1507,171.2030546
1506,171.2629415
1505,171.3228283
1504,171.3827152
1503,171.442602
1502,171.5024888
1501,171.5623757
1500,171.6222625
1499,171.6821494
1498,171.7420362
1497,171.8019231
1496,171.8618099
1495,171.9216967
1494,171.9815836
1493,172.0414704
1492,172.1013573
1491,172.1612441
1490,172.2211309
1489,172.2957995
1488,172.3563489
1487,172.3981403
1486,172.4547486
1485,172.5064199
1484,172.5879405
1483,172.6407257
1482,172.6954583
1481,172.7305421
1480,172.7968346
1479,172.8530371
1478,172.9096314
1477,172.9883944
1476,173.0537452
1475,173.1448959
1474,173.2037351
1473,173.2543285
1472,173.298031
1471,173.3681378
1470,173.3805046
1469,173.4055528
1468,173.4488971
1467,173.5002788
1466,173.5403431
1465,173.5862222
1464,173.6141322
1463,173.7031181
1462,173.7857655
1461,173.8270316
1460,173.8659922
1459,173.8867952
1458,173.9242323
1457,173.9956808
1456,174.0400593
1455,174.0799802
1454,174.1265235
1453,174.1842765
1452,174.2561586
1451,174.3155748
1450,174.3442224
1449,174.4020524
1448,174.4335141
1447,174.4680687
1446,174.5101598
1445,174.6083093
1444,174.6739809
1443,174.7432882
1442,174.8096446
1441,174.8658022
1440,174.8849811
1439,174.9250006
1438,174.9826426
1437,175.0608201
1436,175.0984808
1435,175.1449981
1434,175.219812
1433,175.2704884
1432,175.3430546
1431,175.4054701
1430,175.463564
1429,175.5162001
1428,175.583139
1427,175.6150996
1426,175.6550625
1425,175.7024607
1424,175.7741547
1423,175.8241858
1422,175.8655635
1421,175.9188933
1420,175.9526138
1419,175.9995731
1418,176.0573233
1417,176.1065586
1416,176.1476078
1415,176.1946127
1414,176.2386891
1413,176.2905789
1412,176.3410406
1411,176.3714914
1410,176.4090589
1409,176.4508804
1408,176.5033533
1407,176.5560261
1406,176.5836201
1405,176.6330367
1404,176.6981856
1403,176.7342912
1402,176.7527186
1401,176.7852329
1400,176.8342758
1399,176.8666038
1398,176.8941218
1397,176.9523799
1396,176.9864742
1395,177.0117558
1394,177.0296255
1393,177.0685914
1392,177.1145332
1391,177.1702538
1390,177.2209612
1389,177.2651126
1388,177.3061563
1387,177.3387348
1386,177.3722654
1385,177.4069052
1384,177.4561791
1383,177.4989893
1382,177.5406337
1381,177.5870955
1380,177.6448635
1379,177.7126609
1378,177.7584664
1377,177.7836507
1376,177.805896
1375,177.831141
1374,177.8718091
1373,177.9069616
1372,177.9322819
1371,177.9827225
1370,178.0185847
1369,178.0435577
1368,178.0715538
1367,178.1048774
1366,178.1270464
1365,178.1600145
1364,178.191726
1363,178.2303272
1362,178.2628553
1361,178.2887438
1360,178.3129271
1359,178.3397759
1358,178.3714559
1357,178.3990817
1356,178.4254739
1355,178.4486046
1354,178.4817391
1353,178.5095443
1352,178.5442613
1351,178.5772744
1350,178.6037243
1349,178.6325779
1348,178.672963
1347,178.6979262
1346,178.723856
1345,178.7649466
1344,178.7971058
1343,178.8399399
1342,178.8577768
1341,178.8849556
1340,178.9085471
1339,178.9351585
1338,178.9554291
1337,178.9787799
1336,179.0084638
1335,179.0451228
1334,179.093466
1333,179.1326416
1332,179.1752122
1331,179.2226626
1330,179.257584
1329,179.2896074
1328,179.3322522
1327,179.3647379
1326,179.3847177
1325,179.4059137
1324,179.4265492
1323,179.4606656
1322,179.4982079
1321,179.5171596
1320,179.5383652
1319,179.5697448
1318,179.6098217
1317,179.6397422
1316,179.6741153
1315,179.6998031
1314,179.7206685
1313,179.7403755
1312,179.7589838
1311,179.7765814
1310,179.796408
1309,179.8212388
1308,179.8483971
1307,179.8856824
1306,179.9158695
1305,179.9565807
1304,179.9876224
1303,180.0195357
1302,180.0632627
1301,180.0960409
1300,180.120418
1299,180.1528864
1298,180.183167
1297,180.2124192
1296,180.2526715
1295,180.3054369
1294,180.3420731
1293,180.3801387
1292,180.418326
1291,180.4565729
1290,180.4948199
1289,180.5330669
1288,180.5713138
1287,180.6095608
1286,180.6478077
1285,180.6860547
1284,180.7243017
1283,180.7626131
1282,180.7991658
1281,180.8434667
1280,180.8778778
1279,180.9369306
1278,180.9719644
1277,181.0099336
1276,181.055574
1275,181.0888644
1274,181.1149341
1273,181.1548779
1272,181.1955448
1271,181.2306151
1270,181.2566085
1269,181.2921268
1268,181.3144263
1267,181.3604606
1266,181.3873071
1265,181.4150354
1264,181.4458927
1263,181.4892145
1262,181.5422944
1261,181.5740866
1260,181.616787
1259,181.6618766
1258,181.6857531
1257,181.7178765
1256,181.7488409
1255,181.7699042
1254,181.7955585
1253,181.8138869
1252,181.8372821
1251,181.8627854
1250,181.8818346
1249,181.8993743
1248,181.9232428
1247,181.9614887
1246,181.9997382
1245,182.0600831
1244,182.0988199
1243,182.1117362
1242,182.1319488
1241,182.1524437
1240,182.1725343
1239,182.1981868
1238,182.2205873
1237,182.2381289
1236,182.2598453
1235,182.2871368
1234,182.3145367
1233,182.3419366
1232,182.3693364
1231,182.3967363
1230,182.4239889
1229,182.4399777
1228,182.4628207
1227,182.4860898
1226,182.5135852
1225,182.5370983
1224,182.5589607
1223,182.6041924
1222,182.6295173
1221,182.6619158
1220,182.6936865
1219,182.7214373
1218,182.7489567
1217,182.7736775
1216,182.8055842
1215,182.8286498
1214,182.855634
1213,182.889124
1212,182.9275829
1211,182.962973
1210,183.0113033
1209,183.0450767
1208,183.0782454
1207,183.0953642
1206,183.1199933
1205,183.1435049
1204,183.1575557
1203,183.1768153
1202,183.198285
1201,183.2195848
1200,183.2477882
1199,183.2721312
1198,183.298757
1197,183.3487772
1196,183.3783774
1195,183.3914115
1194,183.4107164
1193,183.4382243
1192,183.4676265
1191,183.502775
1190,183.5243698
1189,183.5514248
1188,183.5696678
1187,183.5868966
1186,183.6189921
1185,183.64603
1184,183.6747711
1183,183.6941804
1182,183.7293593
1181,183.7718385
1180,183.7834215
1179,183.797974
1178,183.8066447
1177,183.8271515
1176,183.858895
1175,183.8829928
1174,183.9015364
1173,183.9189782
1172,183.9407514
1171,183.9627107
1170,183.9826458
1169,184.0210947
1168,184.051341
1167,184.0878019
1166,184.108773
1165,184.1264895
1164,184.1544879
1163,184.1841318
1162,184.2044051
1161,184.2348952
1160,184.2693594
1159,184.2973135
1158,184.3128853
1157,184.3316809
1156,184.3481048
1155,184.3687409
1154,184.408781
1153,184.4303841
1152,184.4561492
1151,184.4739739
1150,184.5049182
1149,184.539719
1148,184.5732732
1147,184.5945125
1146,184.6193983
1145,184.6467809
1144,184.6688302
1143,184.6919364
1142,184.7093501
1141,184.7270793
1140,184.7541902
1139,184.7768383
1138,184.7975891
1137,184.8143412
1136,184.8317276
1135,184.8568445
1134,184.8760133
1133,184.8998811
1132,184.916342
1131,184.9423065
1130,184.9667436
1129,184.9857651
1128,185.0201462
1127,185.0397611
1126,185.0591487
1125,185.0807234
1124,185.0973486
1123,185.1175107
1122,185.1378981
1121,185.1626915
1120,185.1859444
1119,185.1992433
1118,185.2121698
1117,185.2300651
1116,185.2522509
1115,185.2671809
1114,185.2834526
1113,185.3038749
1112,185.3147816
1111,185.3304601
1110,185.3494347
1109,185.3674133
1108,185.3829996
1107,185.4005555
1106,185.4147229
1105,185.4277952
1104,185.4485663
1103,185.4720945
1102,185.4896553
1101,185.5079642
1100,185.5278728
1099,185.5599832
1098,185.5735693
1097,185.5874215
1096,185.599393
1095,185.6160532
1094,185.6349652
1093,185.6503578
1092,185.6707657
1091,185.6887795
1090,185.7103156
1089,185.7262349
1088,185.7419969
1087,185.7577593
1086,185.7735217
1085,185.7892841
1084,185.8050465
1083,185.8208089
1082,185.8365713
1081,185.8523337
1080,185.8680961
1079,185.8838584
1078,185.8996208
1077,185.9153832
1076,185.9311456
1075,185.946908
1074,185.9626705
1073,185.9784329
1072,185.9941953
1071,186.0099577
1070,186.0257202
1069,186.0414826
1068,186.057245
1067,186.0730074
1066,186.0887699
1065,186.1045407
1064,186.1205921
1063,186.1364767
1062,186.1563482
1061,186.1736843
1060,186.1878949
1059,186.2009162
1058,186.2139268
1057,186.2291537
1056,186.2462297
1055,186.2570335
1054,186.272995
1053,186.283108
1052,186.3069381
1051,186.3249126
1050,186.344196
1049,186.3540791
1048,186.3645749
1047,186.3789784
1046,186.4054701
1045,186.4295549
1044,186.4495534
1043,186.4748352
1042,186.4952123
1041,186.5076321
1040,186.5270356
1039,186.5462062
1038,186.5673958
1037,186.5941413
1036,186.6147441
1035,186.6286843
1034,186.6426695
1033,186.6623858
1032,186.6785747
1031,186.6879316
1030,186.7008787
1029,186.7208058
1028,186.7414076
1027,186.7620447
1026,186.77689
1025,186.7931377
1024,186.8105409
1023,186.8228494
1022,186.8409397
1021,186.8614766
1020,186.880085
1019,186.8897727
1018,186.9076496
1017,186.9216688
1016,186.9379958
1015,186.9504765
1014,186.964218
1013,186.9805601
1012,187.0020713
1011,187.0180766
1010,187.0352257
1009,187.0474057
1008,187.0583613
1007,187.0764096
1006,187.0867566
1005,187.0995678
1004,187.1150329
1003,187.1351815
1002,187.1573422
1001,187.1726543
1000,187.185538
999,187.2066825
998,187.2211615
997,187.2329994
996,187.2487404
995,187.2633716
994,187.2840718
993,187.3029951
992,187.3217128
991,187.3358548
990,187.3500373
989,187.364866
988,187.3869482
987,187.4211498
986,187.4447512
985,187.4703622
984,187.5131485
983,187.5343473
982,187.547747
981,187.5691724
980,187.5975857
979,187.6157889
978,187.631153
977,187.6537372
976,187.672723
975,187.6997865
974,187.721707
973,187.7518507
972,187.7766806
971,187.8090258
970,187.8452268
969,187.8819869
968,187.9103976
967,187.9221907
966,187.9400881
965,187.9565704
964,187.9711649
963,187.9821186
962,187.9934563
961,188.0064428
960,188.0299932
959,188.0569285
958,188.0951375
957,188.1155225
956,188.142348
955,188.1654964
954,188.1802717
953,188.1948028
952,188.2126211
951,188.231506
950,188.2609831
949,188.2774894
948,188.2941946
947,188.3082641
946,188.3267735
945,188.3506467
944,188.3653701
943,188.3788256
942,188.390337
941,188.4081729
940,188.4261701
939,188.4441674
938,188.4621646
937,188.4801619
936,188.4981591
935,188.5161564
934,188.5340787
933,188.5492741
932,188.5700731
931,188.5898674
930,188.61503
929,188.6309299
928,188.6452011
927,188.6713537
926,188.6899373
925,188.7099814
924,188.7236002
923,188.7486315
922,188.7714655
921,188.7915137
920,188.8143879
919,188.8333269
918,188.8524305
917,188.8706607
916,188.8931239
915,188.9229471
914,188.9483869
913,188.9664493
912,188.9871705
911,189.0054261
910,189.0184994
909,189.0425652
908,189.0633616
907,189.0829256
906,189.1003032
905,189.1268693
904,189.1369211
903,189.1527573
902,189.1709116
901,189.1917423
900,189.215735
899,189.2329474
898,189.2458175
897,189.2601233
896,189.2766092
895,189.3000528
894,189.3173667
893,189.3332318
892,189.3480925
891,189.3634699
890,189.3857848
889,189.4167073
888,189.4411786
887,189.4631411
886,189.4798011
885,189.4982045
884,189.5178059
883,189.5409699
882,189.5674985
881,189.5907201
880,189.6133859
879,189.6359443
878,189.6585313
877,189.6737536
876,189.6981593
875,189.7168225
874,189.7379841
873,189.7606212
872,189.7841818
871,189.8128612
870,189.8295644
869,189.849602
868,189.8736215
867,189.8871682
866,189.9019283
865,189.9211408
864,189.9361367
863,189.9537258
862,189.9635364
861,189.9761355
860,189.9896178
859,190.0065209
858,190.0234155
857,190.0359792
856,190.0518912
855,190.0637933
854,190.0852576
853,190.1055285
852,190.1194802
851,190.1346019
850,190.1475244
849,190.1601367
848,190.1760339
847,190.1958305
846,190.2160992
845,190.2365721
844,190.2483599
843,190.2616813
842,190.2760089
841,190.2903623
840,190.3047154
839,190.3190686
838,190.3334218
837,190.3479327
836,190.3717618
835,190.3885133
834,190.4061934
833,190.4201656
832,190.4329203
831,190.4434635
830,190.4566842
829,190.4691065
828,190.4829214
827,190.4944619
826,190.5111333
825,190.5271154
824,190.5451793
823,190.5623246
822,190.5814062
821,190.5960997
820,190.6126126
819,190.6244725
818,190.6430206
817,190.6613209
816,190.6744908
815,190.6877832
814,190.7101105
813,190.7358887
812,190.7553869
811,190.7786426
810,190.7931692
809,190.81724
808,190.8386034
807,190.8683631
806,190.8839827
805,190.894985
804,190.9036007
803,190.913629
802,190.9272298
801,190.9426422
800,190.9515365
799,190.964975
798,190.9778696
797,190.9860141
796,190.9941211
795,191.0060005
794,191.0243642
793,191.0432238
792,191.0644998
791,191.0790111
790,191.0920411
789,191.1021729
788,191.1125825
787,191.1215667
786,191.1301428
785,191.1411813
784,191.1560639
783,191.166324
782,191.1793605
781,191.1915385
780,191.2066975
779,191.2208485
778,191.233093
777,191.2549826
776,191.2649936
775,191.2768529
774,191.2900862
773,191.3063941
772,191.3276405
771,191.3481872
770,191.3628365
769,191.3792788
768,191.4102785
767,191.4285543
766,191.4421388
765,191.4638348
764,191.4831989
763,191.4989949
762,191.5142277
761,191.534188
760,191.5556197
759,191.5828917
758,191.5995789
757,191.6161594
756,191.6362993
755,191.6513449
754,191.6666046
753,191.6784554
752,191.6952198
751,191.707162
750,191.7182532
749,191.7264477
748,191.7360455
747,191.7503686
746,191.7746809
745,191.7916539
744,191.8035934
743,191.8138513
742,191.8273022
741,191.839862
740,191.8558394
739,191.8662544
738,191.877
737,191.8888035
736,191.9012839
735,191.9174436
734,191.9281866
733,191.9384414
732,191.9517164
731,191.9712889
730,191.9864422
729,192.002717
728,192.0190207
727,192.0350157
726,192.0552166
725,192.0783508
724,192.0930127
723,192.105031
722,192.1168027
721,192.126177
720,192.1350729
719,192.1446821
718,192.1532017
717,192.1636682
716,192.1737833
715,192.1830601
714,192.1920854
713,192.2038678
712,192.2170427
711,192.2291548
710,192.2416241
709,192.2561174
708,192.269891
707,192.2782452
706,192.2893778
705,192.3031556
704,192.3151904
703,192.3302659
702,192.3476185
701,192.3674864
700,192.3798702
699,192.4005565
698,192.4133391
697,192.4290885
696,192.4501931
695,192.4698002
694,192.4878291
693,192.5072266
692,192.5209225
691,192.5354266
690,192.5483794
689,192.5615845
688,192.5798219
687,192.594885
686,192.6088239
685,192.6232636
684,192.6383207
683,192.6550245
682,192.6706534
681,192.6863259
680,192.7069204
679,192.7229481
678,192.751575
677,192.7747084
676,192.7936604
675,192.8124982
674,192.8405413
673,192.8576417
672,192.886213
671,192.905469
670,192.925102
669,192.9435507
668,192.9598283
667,192.9771505
666,192.9948165
665,193.0039902
664,193.0261078
663,193.0417149
662,193.052388
661,193.0651379
660,193.073105
659,193.0868289
658,193.1006123
657,193.1087867
656,193.1158289
655,193.1230918
654,193.1384223
653,193.1572561
652,193.1719324
651,193.1915817
650,193.2027901
649,193.2122363
648,193.220146
647,193.2334466
646,193.2474614
645,193.262268
644,193.2722763
643,193.2794781
642,193.2874108
641,193.2950377
640,193.3042743
639,193.3099852
638,193.3185274
637,193.3318813
636,193.344083
635,193.3605717
634,193.3707405
633,193.3834745
632,193.3965925
631,193.4198572
630,193.4374511
629,193.4533769
628,193.4656109
627,193.4741418
626,193.4873751
625,193.4987177
624,193.5099774
623,193.5199507
622,193.5351392
621,193.5455352
620,193.5558724
619,193.5671284
618,193.5778783
617,193.5873546
616,193.6013077
615,193.6193121
614,193.6342972
613,193.6504519
612,193.6661226
611,193.6757813
610,193.6903079
609,193.717344
608,193.7296329
607,193.7397414
606,193.7522858
605,193.7633936
604,193.7770448
603,193.7944759
602,193.8235531
601,193.8457132
600,193.8662029
599,193.8951534
598,193.9155705
597,193.930319
596,193.9406354
595,193.951266
594,193.9597473
593,193.9692673
592,193.9826246
591,193.9932036
590,194.0067091
589,194.0204712
588,194.0361585
587,194.0619667
586,194.0775339
585,194.0902628
584,194.1019019
583,194.1146029
582,194.1300525
581,194.1485755
580,194.1615747
579,194.1822789
578,194.2003246
577,194.2111272
576,194.2222127
575,194.2364539
574,194.2503674
573,194.2711809
572,194.2914152
571,194.3047771
570,194.3169662
569,194.3301303
568,194.3419725
567,194.3631444
566,194.3806689
565,194.3920259
564,194.406816
563,194.4250905
562,194.449807
561,194.4771572
560,194.4955506
559,194.5151805
558,194.5285904
557,194.5473304
556,194.5665911
555,194.5847252
554,194.5984969
553,194.6095821
552,194.6200699
551,194.6306853
550,194.644859
549,194.6584362
548,194.6674402
547,194.6759524
546,194.6947844
545,194.7038586
544,194.7302055
543,194.7482341
542,194.7627332
541,194.7734061
540,194.7836191
539,194.7985378
538,194.8150204
537,194.8295404
536,194.8416085
535,194.8570864
534,194.8717548
533,194.8844531
532,194.8971567
531,194.9147764
530,194.9404327
529,194.955421
528,194.9790767
527,194.9910043
526,195.0036932
525,195.0214456
524,195.0330887
523,195.0419832
522,195.0562815
521,195.0693399
520,195.0810299
519,195.096594
518,195.1145581
517,195.1300844
516,195.141462
515,195.1591334
514,195.1715372
513,195.1879252
512,195.2013581
511,195.2104344
510,195.2242763
509,195.2351515
508,195.2426217
507,195.2545548
506,195.263187
505,195.2740576
504,195.2880894
503,195.2991268
502,195.3123091
501,195.324172
500,195.3356818
499,195.3513296
498,195.3705268
497,195.3900743
496,195.4041717
495,195.4255809
494,195.444798
493,195.4602709
492,195.4805708
491,195.5055148
490,195.5281203
489,195.5458515
488,195.5642804
487,195.5845333
486,195.6118243
485,195.6315166
484,195.648984
483,195.6626258
482,195.6775219
481,195.6913336
480,195.6996951
479,195.7156061
478,195.7307475
477,195.747867
476,195.7634156
475,195.773576
474,195.7819391
473,195.793689
472,195.8056483
471,195.8184957
470,195.8327347
469,195.8518531
468,195.8691506
467,195.8867816
466,195.9010093
465,195.9156259
464,195.9305526
463,195.9410885
462,195.9632356
461,195.9744849
460,195.9954185
459,196.0136729
458,196.0293118
457,196.0385399
456,196.0495905
455,196.0633657
454,196.0750235
453,196.0846729
452,196.0995459
451,196.1134182
450,196.125143
449,196.1352326
448,196.1458672
447,196.1598861
446,196.1786267
445,196.1964929
444,196.2154401
443,196.235297
442,196.2561111
441,196.275936
440,196.2878741
439,196.2997167
438,196.3146286
437,196.325214
436,196.3338877
435,196.3421356
434,196.3535361
433,196.3655169
432,196.3812175
431,196.3957831
430,196.4086685
429,196.4204927
428,196.4339184
427,196.448977
426,196.4638643
425,196.4739569
424,196.4943402
423,196.5187087
422,196.5313389
421,196.5481581
420,196.5707916
419,196.5865668
418,196.600277
417,196.6084941
416,196.6197481
415,196.6365207
414,196.6600417
413,196.6729519
412,196.6937016
411,196.7060175
410,196.7347749
409,196.7544405
408,196.7712466
407,196.7863871
406,196.8008613
405,196.8134522
404,196.8310028
403,196.8441091
402,196.8597003
401,196.876412
400,196.8917221
399,196.9110221
398,196.9257107
397,196.9459323
396,196.9610345
395,196.9823537
394,197.0010468
393,197.0160002
392,197.0276278
391,197.0388852
390,197.0537187
389,197.0620464
388,197.0705717
387,197.0789481
386,197.0916183
385,197.105564
384,197.1230863
383,197.1461983
382,197.1671323
381,197.17932
380,197.1982187
379,197.2178975
378,197.2380575
377,197.2500637
376,197.2595447
375,197.2755374
374,197.2929749
373,197.3086863
372,197.3361916
371,197.3539287
370,197.3808722
369,197.396565
368,197.4079797
367,197.4155834
366,197.4217929
365,197.4374245
364,197.4483472
363,197.4676781
362,197.4794991
361,197.4958913
360,197.5095665
359,197.5244125
358,197.535628
357,197.5434348
356,197.556353
355,197.5676876
354,197.583862
353,197.5940642
352,197.6081435
351,197.630831
350,197.6461157
349,197.6715373
348,197.694533
347,197.7182743
346,197.7510962
345,197.7630769
344,197.7746759
343,197.7974118
342,197.8088954
341,197.8253239
340,197.8439479